Company Name,TIDM,Sector,Country of Incorporation,LSE Market
3I Group Plc,III,Financial Services ,United Kingdom,MAIN MARKET
3I Infrastructure Plc,3IN,Financial Services ,Jersey,MAIN MARKET
4Imprint Group Plc,FOUR,Media,United Kingdom,MAIN MARKET
888 Holdings Plc,888,Travel and Leisure,Gibraltar,MAIN MARKET
Aberforth Smaller Companies Trust Plc,ASL,Financial Services ,United Kingdom,MAIN MARKET
Aberforth Split Level Income Trust Plc,ASIT,Financial Services ,United Kingdom,MAIN MARKET
Aberforth Split Level Income Trust Plc,ASIZ,Financial Services ,United Kingdom,MAIN MARKET
Abrdn Asia Focus Plc,AAS,Financial Services ,United Kingdom,MAIN MARKET
Abrdn Asian Income Fund Limited,AAIF,Financial Services ,Jersey,MAIN MARKET
Abrdn China Investment Company Limited,ACIC,Financial Services ,Guernsey,MAIN MARKET
Abrdn Diversified Income And Growth Plc,ADIG,Financial Services ,United Kingdom,MAIN MARKET
Abrdn Equity Income Trust Plc,AEI,Financial Services ,United Kingdom,MAIN MARKET
Abrdn European Logistics Income Plc,ASLI,Real Estate ,United Kingdom,MAIN MARKET
Abrdn New India Investment Trust Plc,ANII,Financial Services ,United Kingdom,MAIN MARKET
Abrdn Plc,ABDN,Financial Services ,United Kingdom,MAIN MARKET
Abrdn Private Equity Opportunities Trust Plc,APEO,Financial Services ,United Kingdom,MAIN MARKET
Abrdn Property Income Trust Limited,API,Real Estate ,United Kingdom,MAIN MARKET
Abrdn Smaller Companies Income Trust Plc,ASCA,,United Kingdom,MAIN MARKET
Abrdn Smaller Companies Income Trust Plc,ASCB,,United Kingdom,MAIN MARKET
Abrdn Smaller Companies Income Trust Plc,ASCC,,United Kingdom,MAIN MARKET
Abrdn Uk Smaller Companies Growth Trust Plc,AUSC,Financial Services ,United Kingdom,MAIN MARKET
Acceler8 Ventures Plc,AC8,Financial Services ,Jersey,MAIN MARKET
Acg Acquisition Company Limited,ACG,Financial Services ,British Virgin Islands,MAIN MARKET
Acp Energy Plc,ACPE,Financial Services ,United Kingdom,MAIN MARKET
Adalan Ventures Plc,ZAIM,Financial Services ,United Kingdom,MAIN MARKET
Admiral Acquisition Limited,ADMR,Financial Services ,British Virgin Islands,MAIN MARKET
Admiral Group Plc,ADM,Insurance,United Kingdom,MAIN MARKET
Adriatic Metals Plc,ADT1,Basic Resources,United Kingdom,MAIN MARKET
Advancedadvt Limited,ADVT,Financial Services ,British Virgin Islands,MAIN MARKET
Aeci Ld,87FZ,Chemicals,South Africa,MAIN MARKET
Aew Uk Reit Plc,AEWU,Real Estate ,United Kingdom,MAIN MARKET
Afarak Group Se,AFRK,Basic Resources,Finland,MAIN MARKET
African Pioneer Plc,AFP,Basic Resources,Isle of Man,MAIN MARKET
Aib Group Plc,AIBG,Banks,Ireland,MAIN MARKET
Aiq Limited,AIQ,Financial Services ,Cayman Islands,MAIN MARKET
Air China Ld,AIRC,Travel and Leisure,China,MAIN MARKET
Airtel Africa Plc,AAF,Telecommunications,United Kingdom,MAIN MARKET
Aj Bell Plc,AJB,Financial Services ,United Kingdom,MAIN MARKET
Ajax Resources Plc,AJAX,Financial Services ,United Kingdom,MAIN MARKET
Albion Development Vct Plc,AADV,Financial Services ,United Kingdom,MAIN MARKET
Albion Enterprise Vct Plc,AAEV,Financial Services ,United Kingdom,MAIN MARKET
Albion Technology & General Vct Plc,AATG,Financial Services ,United Kingdom,MAIN MARKET
Albion Venture Capital Trust Plc,AAVC,Financial Services ,United Kingdom,MAIN MARKET
Alfa Financial Software Holdings Plc,ALFA,Technology,United Kingdom,MAIN MARKET
Alina Holdings Plc,ALNA,Real Estate ,United Kingdom,MAIN MARKET
Alkemy Capital Investments Plc,ALK,Chemicals,United Kingdom,MAIN MARKET
Alliance Trust Plc,ATST,Financial Services ,United Kingdom,MAIN MARKET
Allianz Technology Trust Plc,ATT,Financial Services ,United Kingdom,MAIN MARKET
Alpha Growth Plc,ALGW,Financial Services ,United Kingdom,MAIN MARKET
Alphawave Ip Group Plc,AWE,Technology,United Kingdom,MAIN MARKET
Alteration Earth Plc,ALTE,Financial Services ,United Kingdom,MAIN MARKET
Alternative Income Reit Plc,AIRE,Real Estate ,United Kingdom,MAIN MARKET
Altona Rare Earths Plc,REE,Basic Resources,United Kingdom,MAIN MARKET
Altyngold Plc,ALTN,Basic Resources,United Kingdom,MAIN MARKET
Amala Foods Plc,DISH,Technology,Jersey,MAIN MARKET
Amati Aim Vct Plc,AMAT,Financial Services ,United Kingdom,MAIN MARKET
Amicorp Fs (Uk) Plc,AMIF,Financial Services ,United Kingdom,MAIN MARKET
Amigo Holdings Plc,AMGO,Financial Services ,United Kingdom,MAIN MARKET
Aminex Plc,AEX,Energy,Ireland,MAIN MARKET
Anemoi International Ltd,AMOI,Technology,British Virgin Islands,MAIN MARKET
Anglo American Plc,AAL,Basic Resources,United Kingdom,MAIN MARKET
Anglo-Eastern Plantations Plc,AEP,"Food, Beverage and Tobacco ",United Kingdom,MAIN MARKET
Antofagasta Plc,70GD,Basic Resources,United Kingdom,MAIN MARKET
Antofagasta Plc,ANTO,Basic Resources,United Kingdom,MAIN MARKET
Ao World Plc,AO.,Retail ,United Kingdom,MAIN MARKET
Apax Global Alpha Limited,APAX,Financial Services ,Guernsey,MAIN MARKET
Aptitude Software Group Plc,APTD,Technology,United Kingdom,MAIN MARKET
Aquila Energy Efficiency Trust Plc,AEEE,Financial Services ,United Kingdom,MAIN MARKET
Aquila Energy Efficiency Trust Plc,AEET,Financial Services ,United Kingdom,MAIN MARKET
Aquila European Renewables Plc,AERI,Financial Services ,United Kingdom,MAIN MARKET
Aquila European Renewables Plc,AERS,Financial Services ,United Kingdom,MAIN MARKET
Aquila Services Group Plc,AQSG,Financial Services ,United Kingdom,MAIN MARKET
Argo Blockchain Plc,ARB,Technology,United Kingdom,MAIN MARKET
Arix Bioscience Plc,ARIX,Financial Services ,United Kingdom,MAIN MARKET
Artemis Alpha Trust Plc,ATS,Financial Services ,United Kingdom,MAIN MARKET
Asa International Group Plc,ASAI,Financial Services ,United Kingdom,MAIN MARKET
Ascential Plc,ASCL,Technology,United Kingdom,MAIN MARKET
Aseana Properties Limited,ASPL,Real Estate ,Jersey,MAIN MARKET
Ashington Innovation Plc,ASHI,Financial Services ,United Kingdom,MAIN MARKET
Ashmore Group Plc,ASHM,Financial Services ,United Kingdom,MAIN MARKET
Ashoka India Equity Investment Trust Plc,AIE,Financial Services ,United Kingdom,MAIN MARKET
Ashoka Whiteoak Emerging Markets Trust Plc,AWEM,Financial Services ,United Kingdom,MAIN MARKET
Ashtead Group Plc,AHT,Industrial Goods and Services,United Kingdom,MAIN MARKET
Asia Dragon Trust Plc,DGN,Financial Services ,United Kingdom,MAIN MARKET
Asia Strategic Holdings Limited,ASIA,Consumer Products and Services,Singapore,MAIN MARKET
Asian Energy Impact Trust Plc,AEIP,Financial Services ,United Kingdom,MAIN MARKET
Asian Energy Impact Trust Plc,AEIT,Financial Services ,United Kingdom,MAIN MARKET
Asos Plc,ASC,Retail ,United Kingdom,MAIN MARKET
Associated British Engineering Plc,ASBE,Industrial Goods and Services,United Kingdom,MAIN MARKET
Associated British Foods Plc,ABF,"Food, Beverage and Tobacco ",United Kingdom,MAIN MARKET
Assura Plc,AGR,Real Estate ,United Kingdom,MAIN MARKET
Aston Martin Lagonda Global Holdings Plc,AML,Automobiles and Parts,United Kingdom,MAIN MARKET
Astrazeneca Plc,AZN,Health Care  ,United Kingdom,MAIN MARKET
Aterian Plc,ATN,Basic Resources,United Kingdom,MAIN MARKET
Athelney Trust Plc,ATY,Financial Services ,United Kingdom,MAIN MARKET
Atrato Onsite Energy Plc,ROOF,Financial Services ,United Kingdom,MAIN MARKET
Auction Technology Group Plc,ATG,Technology,United Kingdom,MAIN MARKET
Augmentum Fintech Plc,AUGM,Financial Services ,United Kingdom,MAIN MARKET
Aura Renewable Acquisitions Plc,ARA,Financial Services ,United Kingdom,MAIN MARKET
Aurora Investment Trust Plc,ARR,Financial Services ,United Kingdom,MAIN MARKET
Auto Trader Group Plc,AUTO,Technology,United Kingdom,MAIN MARKET
Avation Plc,AVAP,Industrial Goods and Services,United Kingdom,MAIN MARKET
Avation Plc,AVAW,Industrial Goods and Services,United Kingdom,MAIN MARKET
Avi Global Trust Plc,AGT,Financial Services ,United Kingdom,MAIN MARKET
Avi Japan Opportunity Trust Plc,AJOT,Financial Services ,United Kingdom,MAIN MARKET
Aviva Plc,AV.,Insurance,United Kingdom,MAIN MARKET
Aviva Plc,AV.A,Insurance,United Kingdom,MAIN MARKET
Aviva Plc,AV.B,Insurance,United Kingdom,MAIN MARKET
Avon Protection Plc,AVON,Industrial Goods and Services,United Kingdom,MAIN MARKET
B&M European Value Retail S.A.,BME,Retail ,Luxembourg,MAIN MARKET
Babcock International Group Plc,BAB,Industrial Goods and Services,United Kingdom,MAIN MARKET
Bae Systems Plc,BA.,Industrial Goods and Services,United Kingdom,MAIN MARKET
Baillie Gifford China Growth Trust Plc,BGCG,Financial Services ,United Kingdom,MAIN MARKET
Baillie Gifford European Growth Trust Plc,BGEU,Financial Services ,United Kingdom,MAIN MARKET
Baillie Gifford Japan Trust Plc,BGFD,Financial Services ,United Kingdom,MAIN MARKET
Baillie Gifford Shin Nippon Plc,BGS,Financial Services ,United Kingdom,MAIN MARKET
Baillie Gifford Uk Growth Trust Plc,BGUK,Financial Services ,United Kingdom,MAIN MARKET
Baillie Gifford Us Growth Trust Plc,USA,Financial Services ,United Kingdom,MAIN MARKET
Baker Steel Resources Trust Limited,BSRT,Financial Services ,Guernsey,MAIN MARKET
Bakkavor Group Plc,BAKK,"Food, Beverage and Tobacco ",United Kingdom,MAIN MARKET
Balanced Commercial Property Trust Limited,BCPT,Real Estate ,Guernsey,MAIN MARKET
Balfour Beatty Plc,BBY,Construction and Materials,United Kingdom,MAIN MARKET
Baltic Classifieds Group Plc,BCG,Technology,United Kingdom,MAIN MARKET
Banco Bilbao Vizcaya Argentaria S.A.,BVA,Banks,Spain,MAIN MARKET
Banco Santander S.A.,BNC,Banks,Spain,MAIN MARKET
Bank Of Cyprus Holdings Public Limited Company,BOCH,Banks,Ireland,MAIN MARKET
Bank Of Georgia Group Plc,BGEO,Banks,United Kingdom,MAIN MARKET
Bank Of Ireland (Governor & Company Of The),BKIC,Banks,Ireland,MAIN MARKET
Bank Of Ireland (Governor & Company Of The),BKIE,Banks,Ireland,MAIN MARKET
Bank Of Ireland Group Plc,BIRG,Banks,Ireland,MAIN MARKET
Bankers Investment Trust Plc,BNKR,Financial Services ,United Kingdom,MAIN MARKET
Barclays Plc,BARC,Banks,United Kingdom,MAIN MARKET
Barings Emerging Emea Opportunities Plc,BEMO,Financial Services ,United Kingdom,MAIN MARKET
Baronsmead Second Venture Trust Plc,BMD,Financial Services ,United Kingdom,MAIN MARKET
Baronsmead Venture Trust Plc,BVT,Financial Services ,United Kingdom,MAIN MARKET
Barr (A.G.) Plc,BAG,"Food, Beverage and Tobacco ",United Kingdom,MAIN MARKET
Barratt Developments Plc,BDEV,Consumer Products and Services,United Kingdom,MAIN MARKET
Batm Advanced Communications Ld,BVC,Telecommunications,Israel,MAIN MARKET
Bay Capital Plc,BAY,Financial Services ,Jersey,MAIN MARKET
Bbgi Global Infrastructure S.A.,BBGI,Financial Services ,United Kingdom,MAIN MARKET
Beacon Rise Holdings Plc,BRS,Financial Services ,United Kingdom,MAIN MARKET
Beazley Plc,BEZ,Insurance,United Kingdom,MAIN MARKET
Becket Invest Plc,TAB,Financial Services ,United Kingdom,MAIN MARKET
Bellevue Healthcare Trust Plc,BBH,Financial Services ,United Kingdom,MAIN MARKET
Bellway Plc,BWY,Consumer Products and Services,United Kingdom,MAIN MARKET
Berkeley Energia Limited,BKY,Basic Resources,Australia,MAIN MARKET
Berkeley Group Holdings (The) Plc,BKG,Consumer Products and Services,United Kingdom,MAIN MARKET
Bh Macro Limited,BHMG,Financial Services ,Guernsey,MAIN MARKET
Bh Macro Limited,BHMU,Financial Services ,Guernsey,MAIN MARKET
Bhp Group Limited,BHP,Basic Resources,Australia,MAIN MARKET
Big Yellow Group Plc,BYG,Real Estate ,United Kingdom,MAIN MARKET
Biopharma Credit Plc,BPCP,Financial Services ,United Kingdom,MAIN MARKET
Biopharma Credit Plc,BPCR,Financial Services ,United Kingdom,MAIN MARKET
Biotech Growth Trust (The) Plc,BIOG,Financial Services ,United Kingdom,MAIN MARKET
Bisichi Plc,BISI,Energy,United Kingdom,MAIN MARKET
Blackfinch Spring Vct Plc,BFSP,Financial Services ,United Kingdom,MAIN MARKET
Blackrock Energy And Resources Income Trust Plc,BERI,Financial Services ,United Kingdom,MAIN MARKET
Blackrock Frontiers Investment Trust Plc,BRFI,Financial Services ,United Kingdom,MAIN MARKET
Blackrock Greater Europe Investment Trust Plc,BRGE,Financial Services ,United Kingdom,MAIN MARKET
Blackrock Income And Growth Investment Trust Plc,BRIG,Financial Services ,United Kingdom,MAIN MARKET
Blackrock Latin American Investment Trust Plc,BRLA,Financial Services ,United Kingdom,MAIN MARKET
Blackrock Smaller Co Trust Plc,BRSC,Financial Services ,United Kingdom,MAIN MARKET
Blackrock Sustainable American Income Trust Plc,BRSA,Financial Services ,United Kingdom,MAIN MARKET
Blackrock Throgmorton Trust Plc,THRG,Financial Services ,United Kingdom,MAIN MARKET
Blackrock World Mining Trust Plc,BRWM,Financial Services ,United Kingdom,MAIN MARKET
Blackstone Loan Financing Limited,BGLF,Financial Services ,Jersey,MAIN MARKET
Blackstone Loan Financing Limited,BGLP,Financial Services ,Jersey,MAIN MARKET
Blencowe Resources Plc,BRES,Basic Resources,United Kingdom,MAIN MARKET
Bloomsbury Publishing Plc,BMY,Media,United Kingdom,MAIN MARKET
Bluebird Merchant Ventures Ltd,BMV,Basic Resources,British Virgin Islands,MAIN MARKET
Bluefield Solar Income Fund Limited,BSIF,Financial Services ,Guernsey,MAIN MARKET
Bodycote Plc,BOY,Industrial Goods and Services,United Kingdom,MAIN MARKET
Boot (Henry) Plc,BD82,Real Estate ,United Kingdom,MAIN MARKET
Boot (Henry) Plc,BOOT,Real Estate ,United Kingdom,MAIN MARKET
Boston International Holdings Plc,BIH,Financial Services ,United Kingdom,MAIN MARKET
Boussard & Gavaudan Holding Limited,BGHL,Financial Services ,Guernsey,MAIN MARKET
Boussard & Gavaudan Holding Limited,BGHS,Financial Services ,Guernsey,MAIN MARKET
Bowen Fintech Plc,BWN,Financial Services ,United Kingdom,MAIN MARKET
Bp Plc,BP.,Energy,United Kingdom,MAIN MARKET
Bp Plc,BP.A,Energy,United Kingdom,MAIN MARKET
Bp Plc,BP.B,Energy,United Kingdom,MAIN MARKET
Braemar Plc,BMS,Industrial Goods and Services,United Kingdom,MAIN MARKET
Breedon Group Plc,BREE,Construction and Materials,United Kingdom,MAIN MARKET
Bridgepoint Group Plc,BPT,Financial Services ,United Kingdom,MAIN MARKET
Bristol & West Plc,BWSA,Financial Services ,United Kingdom,MAIN MARKET
Bristol Water Plc,BWRA,Utilities,United Kingdom,MAIN MARKET
British & American Investment Trust Plc,BAF,Financial Services ,United Kingdom,MAIN MARKET
British American Tobacco Plc,BATS,"Food, Beverage and Tobacco ",United Kingdom,MAIN MARKET
British Land Company Plc,BLND,Real Estate ,United Kingdom,MAIN MARKET
British Smaller Companies Vct Plc,BSV,Financial Services ,United Kingdom,MAIN MARKET
British Smaller Companies Vct2 Plc,BSC,Financial Services ,United Kingdom,MAIN MARKET
Britvic Plc,BVIC,"Food, Beverage and Tobacco ",United Kingdom,MAIN MARKET
Brown Advisory Us Smaller Companies Plc,BASC,Financial Services ,United Kingdom,MAIN MARKET
Brunner Investment Trust Plc,44GL,Financial Services ,United Kingdom,MAIN MARKET
Brunner Investment Trust Plc,BUT,Financial Services ,United Kingdom,MAIN MARKET
Bsf Enterprise Plc,BSFA,Health Care  ,United Kingdom,MAIN MARKET
Bt Group Plc,BT.A,Telecommunications,United Kingdom,MAIN MARKET
Bunzl Plc,BNZL,Industrial Goods and Services,United Kingdom,MAIN MARKET
Burberry Group Plc,BRBY,Consumer Products and Services,United Kingdom,MAIN MARKET
Bytes Technology Group Plc,BYIT,Technology,United Kingdom,MAIN MARKET
C&C Group Plc,CCR,"Food, Beverage and Tobacco ",Ireland,MAIN MARKET
Cab Payments Holdings Plc,CABP,Financial Services ,United Kingdom,MAIN MARKET
Cadogan Energy Solutions Plc,CAD,Energy,United Kingdom,MAIN MARKET
Caffyns Plc,78GL,Retail ,United Kingdom,MAIN MARKET
Caffyns Plc,79GL,Retail ,United Kingdom,MAIN MARKET
Caffyns Plc,CFYN,Retail ,United Kingdom,MAIN MARKET
Cairn Homes Plc,CRN,Consumer Products and Services,Ireland,MAIN MARKET
Calculus Vct Plc,CLC,Financial Services ,United Kingdom,MAIN MARKET
Caledonia Investments Plc,CLDN,Financial Services ,United Kingdom,MAIN MARKET
"Canadian General Investments, Ld",CGI,Financial Services ,Canada,MAIN MARKET
Canadian Overseas Petroleum Limited,COPL,Energy,Canada,MAIN MARKET
Capita Plc,CPI,Industrial Goods and Services,United Kingdom,MAIN MARKET
Capital & Regional Plc,CAL,Real Estate ,United Kingdom,MAIN MARKET
Capital Gearing Trust Plc,CGT,Financial Services ,United Kingdom,MAIN MARKET
Capital Limited,CAPD,Basic Resources,Bermuda,MAIN MARKET
Capricorn Energy Plc,CNE,Energy,United Kingdom,MAIN MARKET
Caracal Gold Plc,GCAT,Basic Resources,United Kingdom,MAIN MARKET
Carclo Plc,CAR,Industrial Goods and Services,United Kingdom,MAIN MARKET
Card Factory Plc,CARD,Retail ,United Kingdom,MAIN MARKET
Cardiff Property Plc,CDFF,Real Estate ,United Kingdom,MAIN MARKET
Carillion Plc,CLLN,Industrial Goods and Services,United Kingdom,MAIN MARKET
Carnival Plc,CCL,Travel and Leisure,United Kingdom,MAIN MARKET
Carr'S Group Plc,CARR,"Food, Beverage and Tobacco ",United Kingdom,MAIN MARKET
Castillo Copper Limited,CCZ,Basic Resources,Australia,MAIN MARKET
Castings Plc,CGS,Industrial Goods and Services,United Kingdom,MAIN MARKET
Cc Japan Income & Growth Trust Plc,CCJI,Financial Services ,United Kingdom,MAIN MARKET
Cellular Goods Plc,CBX,Health Care  ,United Kingdom,MAIN MARKET
Centamin Plc,CEY,Basic Resources,Jersey,MAIN MARKET
Centaur Media Plc,CAU,Media,United Kingdom,MAIN MARKET
Centrica Plc,CNA,Utilities,United Kingdom,MAIN MARKET
Ceres Power Holdings Plc,CWR,Energy,United Kingdom,MAIN MARKET
Chelverton Uk Dividend Trust Plc,SDV,Financial Services ,United Kingdom,MAIN MARKET
Chemring Group Plc,BC88,Industrial Goods and Services,United Kingdom,MAIN MARKET
Chemring Group Plc,CHG,Industrial Goods and Services,United Kingdom,MAIN MARKET
Chesnara Plc,CSN,Insurance,United Kingdom,MAIN MARKET
Chesterfield Resources Plc,CHF,Basic Resources,United Kingdom,MAIN MARKET
Chill Brands Group Plc,CHLL,Health Care  ,United Kingdom,MAIN MARKET
Chrysalis Investments Limited,CHRY,Financial Services ,Guernsey,MAIN MARKET
Cindrigo Holdings Limited,CINH,Financial Services ,Guernsey,MAIN MARKET
Citius Resources Plc,CRES,Financial Services ,United Kingdom,MAIN MARKET
City Of London Investment Group Plc,CLIG,Financial Services ,United Kingdom,MAIN MARKET
City Of London Investment Trust Plc,BA47,Financial Services ,United Kingdom,MAIN MARKET
City Of London Investment Trust Plc,BA69,Financial Services ,United Kingdom,MAIN MARKET
City Of London Investment Trust Plc,CTY,Financial Services ,United Kingdom,MAIN MARKET
City Of London Investment Trust Plc,CTYA,Financial Services ,United Kingdom,MAIN MARKET
Cizzle Biotechnology Holdings Plc,CIZ,Health Care  ,United Kingdom,MAIN MARKET
Clarkson Plc,CKN,Industrial Goods and Services,United Kingdom,MAIN MARKET
Close Brothers Group Plc,CBG,Banks,United Kingdom,MAIN MARKET
Cloudbreak Discovery Plc,CDL,Basic Resources,United Kingdom,MAIN MARKET
Cls Holdings Plc,CLI,Real Estate ,United Kingdom,MAIN MARKET
Cmc Markets Plc,CMCX,Financial Services ,United Kingdom,MAIN MARKET
Coats Group Plc,COA,Industrial Goods and Services,United Kingdom,MAIN MARKET
Cobra Resources Plc,COBR,Basic Resources,United Kingdom,MAIN MARKET
Coca-Cola Europacific Partners Plc,CCEP,"Food, Beverage and Tobacco ",United Kingdom,MAIN MARKET
Coca-Cola Hbc Ag,CCH,"Food, Beverage and Tobacco ",Switzerland,MAIN MARKET
Codex Acquisitions Plc,CODX,Financial Services ,United Kingdom,MAIN MARKET
Compagnie De Saint-Gobain,COD,Construction and Materials,France,MAIN MARKET
Compass Group Plc,CPG,Consumer Products and Services,United Kingdom,MAIN MARKET
Computacenter Plc,CCC,Technology,United Kingdom,MAIN MARKET
Conduit Holdings Limited,CRE,Insurance,Bermuda,MAIN MARKET
Contango Holdings Plc,CGO,Financial Services ,United Kingdom,MAIN MARKET
Convatec Group Plc,CTEC,Health Care  ,United Kingdom,MAIN MARKET
Costain Group Plc,COST,Industrial Goods and Services,United Kingdom,MAIN MARKET
Cqs Natural Resources Growth And Income Plc,CYN,Financial Services ,United Kingdom,MAIN MARKET
Cqs New City High Yield Fund Limited,NCYF,Financial Services ,Jersey,MAIN MARKET
Cranswick Plc,CWK,"Food, Beverage and Tobacco ",United Kingdom,MAIN MARKET
Creightons Plc,CRL,"Personal Care, Drug and Grocery Stores ",United Kingdom,MAIN MARKET
Crest Nicholson Holdings Plc,CRST,Consumer Products and Services,United Kingdom,MAIN MARKET
Crh Plc,97GM,Construction and Materials,Ireland,MAIN MARKET
Crh Plc,CRH,Construction and Materials,Ireland,MAIN MARKET
Critical Metals Plc,CRTM,Basic Resources,United Kingdom,MAIN MARKET
Critical Mineral Resources Plc,CMRS,Basic Resources,United Kingdom,MAIN MARKET
Croda International Plc,49GP,Chemicals,United Kingdom,MAIN MARKET
Croda International Plc,50GP,Chemicals,United Kingdom,MAIN MARKET
Croda International Plc,CRDA,Chemicals,United Kingdom,MAIN MARKET
Crown Place Vct Plc,CRWN,Financial Services ,United Kingdom,MAIN MARKET
Ct Global Managed Portfolio Trust Plc,CMPG,Financial Services ,United Kingdom,MAIN MARKET
Ct Global Managed Portfolio Trust Plc,CMPI,Financial Services ,United Kingdom,MAIN MARKET
Ct Private Equity Trust Plc,CTPE,Financial Services ,United Kingdom,MAIN MARKET
Ct Uk Capital And Income Investment Trust Plc,CTUK,Financial Services ,United Kingdom,MAIN MARKET
Ct Uk High Income Trust Plc,CHI,Financial Services ,United Kingdom,MAIN MARKET
Ct Uk High Income Trust Plc,CHIB,Financial Services ,United Kingdom,MAIN MARKET
Currys Plc,CURY,Retail ,United Kingdom,MAIN MARKET
Curzon Energy Plc,CZN,Energy,United Kingdom,MAIN MARKET
Custodian Property Income Reit Plc,CREI,Real Estate ,United Kingdom,MAIN MARKET
Cvc Income & Growth Limited,CVCE,Financial Services ,Jersey,MAIN MARKET
Cvc Income & Growth Limited,CVCG,Financial Services ,Jersey,MAIN MARKET
Dalata Hotel Group Plc,DAL,Travel and Leisure,Ireland,MAIN MARKET
Dar Global Plc,DAR,Real Estate ,United Kingdom,MAIN MARKET
Darktrace Plc,DARK,Technology,United Kingdom,MAIN MARKET
Datang International Power Generation Company Ld,DAT,Utilities,China,MAIN MARKET
Davictus Plc,DVT,Financial Services ,Jersey,MAIN MARKET
Dcc Plc,DCC,Industrial Goods and Services,Ireland,MAIN MARKET
De La Rue Plc,DLAR,Industrial Goods and Services,United Kingdom,MAIN MARKET
Dechra Pharmaceuticals Plc,DPH,Health Care  ,United Kingdom,MAIN MARKET
Deliveroo Plc,ROO,Technology,United Kingdom,MAIN MARKET
Derwent London Plc,DLN,Real Estate ,United Kingdom,MAIN MARKET
Develop North Plc,DVNO,Financial Services ,United Kingdom,MAIN MARKET
Dfi Retail Group Holdings Limited,DFI,"Personal Care, Drug and Grocery Stores ",Bermuda,MAIN MARKET
Dfi Retail Group Holdings Limited,DFIB,"Personal Care, Drug and Grocery Stores ",Bermuda,MAIN MARKET
Dfi Retail Group Holdings Limited,DFIJ,"Personal Care, Drug and Grocery Stores ",Bermuda,MAIN MARKET
Dfs Furniture Plc,DFS,Retail ,United Kingdom,MAIN MARKET
Dg Innovate Plc,DGI,Automobiles and Parts,United Kingdom,MAIN MARKET
Diageo Plc,DGE,"Food, Beverage and Tobacco ",United Kingdom,MAIN MARKET
Dial Square Investments Plc,DSI,Financial Services ,United Kingdom,MAIN MARKET
Dialight Plc,DIA,Industrial Goods and Services,United Kingdom,MAIN MARKET
Digital 9 Infrastructure Plc,DGI9,Financial Services ,Jersey,MAIN MARKET
Diploma Plc,DPLM,Industrial Goods and Services,United Kingdom,MAIN MARKET
Direct Line Insurance Group Plc,DLG,Insurance,United Kingdom,MAIN MARKET
Discoverie Group Plc,DSCV,Industrial Goods and Services,United Kingdom,MAIN MARKET
Dispensa Group Plc,DISP,"Personal Care, Drug and Grocery Stores ",United Kingdom,MAIN MARKET
Diverse Income Trust (The) Plc,DIVI,Financial Services ,United Kingdom,MAIN MARKET
Diversified Energy Company Plc,DEC,Energy,United Kingdom,MAIN MARKET
Domino'S Pizza Group Plc,DOM,Travel and Leisure,United Kingdom,MAIN MARKET
Dowlais Group Plc,DWL,Automobiles and Parts,United Kingdom,MAIN MARKET
Downing Renewables & Infrastructure Trust Plc,DORE,Financial Services ,United Kingdom,MAIN MARKET
Downing Strategic Micro-Cap Investment Trust Plc,DSM,Financial Services ,United Kingdom,MAIN MARKET
Dp Eurasia N.V.,DPEU,Travel and Leisure,Netherlands,MAIN MARKET
Dr. Martens Plc,DOCS,Consumer Products and Services,United Kingdom,MAIN MARKET
Drax Group Plc,DRX,Utilities,United Kingdom,MAIN MARKET
Dukemount Capital Plc,DKE,Real Estate ,United Kingdom,MAIN MARKET
Dunedin Enterprise Investment Trust Plc,DNE,Financial Services ,United Kingdom,MAIN MARKET
Dunedin Income Growth Investment Trust Plc,DIG,Financial Services ,United Kingdom,MAIN MARKET
Dunelm Group Plc,DNLM,Retail ,United Kingdom,MAIN MARKET
East Imperial Plc,EISB,"Food, Beverage and Tobacco ",United Kingdom,MAIN MARKET
East Star Resources Plc,EST,Basic Resources,United Kingdom,MAIN MARKET
Easyjet Plc,EZJ,Travel and Leisure,United Kingdom,MAIN MARKET
Ecclesiastical Insurance Office Plc,ELLA,Insurance,United Kingdom,MAIN MARKET
Ecofin Global Utilities And Infrastructure Trust Plc,EGL,Financial Services ,United Kingdom,MAIN MARKET
Ecofin U.S. Renewables Infrastructure Trust Plc,RNEP,Financial Services ,United Kingdom,MAIN MARKET
Ecofin U.S. Renewables Infrastructure Trust Plc,RNEW,Financial Services ,United Kingdom,MAIN MARKET
Ecora Resources Plc,ECOR,Basic Resources,United Kingdom,MAIN MARKET
Edinburgh Investment Trust Plc,EDIN,Financial Services ,United Kingdom,MAIN MARKET
Edinburgh Worldwide Investment Trust Plc,EWI,Financial Services ,United Kingdom,MAIN MARKET
Ediston Property Investment Company Plc,EPIC,Financial Services ,United Kingdom,MAIN MARKET
Electric Guitar Plc,ELEG,Financial Services ,United Kingdom,MAIN MARKET
Elementis Plc,ELM,Chemicals,United Kingdom,MAIN MARKET
Empiric Student Property Plc,ESP,Real Estate ,United Kingdom,MAIN MARKET
Endeavour Mining Plc,EDV,Basic Resources,United Kingdom,MAIN MARKET
Energean Plc,ENOG,Energy,United Kingdom,MAIN MARKET
Enquest Plc,ENQ,Energy,United Kingdom,MAIN MARKET
Entain Plc,ENT,Travel and Leisure,Isle of Man,MAIN MARKET
Epe Special Opportunities Limited,ESOZ,Financial Services ,Bermuda,MAIN MARKET
Esken Limited,ESKN,Industrial Goods and Services,Guernsey,MAIN MARKET
Essentra Plc,ESNT,Industrial Goods and Services,United Kingdom,MAIN MARKET
Eurocell Plc,ECEL,Construction and Materials,United Kingdom,MAIN MARKET
European Assets Trust Plc,EAT,Financial Services ,United Kingdom,MAIN MARKET
European Opportunities Trust Plc,EOT,Financial Services ,United Kingdom,MAIN MARKET
Eutelsat Communications S.A.,ETL,Telecommunications,France,MAIN MARKET
Everest Global Plc,EVST,"Food, Beverage and Tobacco ",United Kingdom,MAIN MARKET
Evraz Plc,EVR,Basic Resources,United Kingdom,MAIN MARKET
Experian Plc,EXPN,Industrial Goods and Services,Jersey,MAIN MARKET
F&C Investment Trust Plc,FCIT,Financial Services ,United Kingdom,MAIN MARKET
Fandango Holdings Plc,FHP,Financial Services ,United Kingdom,MAIN MARKET
Fbd Holdings Plc,FBH,Insurance,Ireland,MAIN MARKET
Fdm Group (Holdings) Plc,FDM,Industrial Goods and Services,United Kingdom,MAIN MARKET
Ferguson Plc,FERG,Industrial Goods and Services,Jersey,MAIN MARKET
Ferrexpo Plc,FXPO,Basic Resources,United Kingdom,MAIN MARKET
Ferro-Alloy Resources Limited,FAR,Basic Resources,Guernsey,MAIN MARKET
Fidelity Asian Values Plc,FAS,Financial Services ,United Kingdom,MAIN MARKET
Fidelity China Special Situations Plc,FCSS,Financial Services ,United Kingdom,MAIN MARKET
Fidelity European Trust Plc,FEV,Financial Services ,United Kingdom,MAIN MARKET
Fidelity Japan Trust Plc,FJV,Financial Services ,United Kingdom,MAIN MARKET
Fidelity Special Values Plc,FSV,Financial Services ,United Kingdom,MAIN MARKET
Financials Acquisition Corp,FINS,Financial Services ,Cayman Islands,MAIN MARKET
Finsbury Growth & Income Trust Plc,FGT,Financial Services ,United Kingdom,MAIN MARKET
Fintech Asia Limited,FINA,Financial Services ,Guernsey,MAIN MARKET
First Class Metals Plc,FCM,Basic Resources,United Kingdom,MAIN MARKET
First Tin Plc,1SN,Basic Resources,United Kingdom,MAIN MARKET
Firstgroup Plc,FGP,Travel and Leisure,United Kingdom,MAIN MARKET
Fisher (James) & Sons Plc,FSJ,Industrial Goods and Services,United Kingdom,MAIN MARKET
Fishguard & Rosslare Railways & Harbours Company,72GU,,United Kingdom,MAIN MARKET
Flutter Entertainment Plc,FLTR,Travel and Leisure,Ireland,MAIN MARKET
Foresight Enterprise Vct Plc,FTF,Financial Services ,United Kingdom,MAIN MARKET
Foresight Group Holdings Limited,FSG,Financial Services ,Guernsey,MAIN MARKET
Foresight Solar Fund Limited,FSFL,Financial Services ,Jersey,MAIN MARKET
Foresight Sustainable Forestry Company Plc,FSF,Financial Services ,United Kingdom,MAIN MARKET
Foresight Technology Vct Plc,FWT,,United Kingdom,MAIN MARKET
Foresight Vct Plc,FTV,Financial Services ,United Kingdom,MAIN MARKET
Forterra Plc,FORT,Construction and Materials,United Kingdom,MAIN MARKET
Foxtons Group Plc,FOXT,Real Estate ,United Kingdom,MAIN MARKET
Fragrant Prosperity Holdings Limited,FPP,Financial Services ,British Virgin Islands,MAIN MARKET
Frasers Group Plc,FRAS,Retail ,United Kingdom,MAIN MARKET
Fresnillo Plc,FRES,Basic Resources,United Kingdom,MAIN MARKET
"Fuller, Smith & Turner Plc",53GW,Travel and Leisure,United Kingdom,MAIN MARKET
"Fuller, Smith & Turner Plc",54GW,Travel and Leisure,United Kingdom,MAIN MARKET
"Fuller, Smith & Turner Plc",FSTA,Travel and Leisure,United Kingdom,MAIN MARKET
Funding Circle Holdings Plc,FCH,Financial Services ,United Kingdom,MAIN MARKET
Future Plc,FUTR,Media,United Kingdom,MAIN MARKET
G3 Exploration Limited,G3E,Energy,Cayman Islands,MAIN MARKET
Galliford Try Holdings Plc,GFRD,Construction and Materials,United Kingdom,MAIN MARKET
Games Workshop Group Plc,GAW,Consumer Products and Services,United Kingdom,MAIN MARKET
Gcp Asset Backed Income Fund Limited,GABI,Financial Services ,Jersey,MAIN MARKET
Gcp Infrastructure Investments Limited,GCP,Financial Services ,Jersey,MAIN MARKET
Gem Diamonds Limited,GEMD,Basic Resources,British Virgin Islands,MAIN MARKET
Genel Energy Plc,GENL,Energy,Jersey,MAIN MARKET
General Accident Plc,GACA,Insurance,United Kingdom,MAIN MARKET
General Accident Plc,GACB,Insurance,United Kingdom,MAIN MARKET
General Electric Company,GEC,Industrial Goods and Services,United States,MAIN MARKET
Genflow Biosciences Plc,GENF,Health Care  ,United Kingdom,MAIN MARKET
Genuit Group Plc,GEN,Construction and Materials,United Kingdom,MAIN MARKET
Genus Plc,GNS,Health Care  ,United Kingdom,MAIN MARKET
Georgia Capital Plc,CGEO,Financial Services ,United Kingdom,MAIN MARKET
Glanbia Plc,GLB,"Food, Beverage and Tobacco ",Ireland,MAIN MARKET
Glencore Plc,GLEN,Basic Resources,Jersey,MAIN MARKET
Glenveagh Properties Plc,GLV,Consumer Products and Services,Ireland,MAIN MARKET
Global Opportunities Trust Plc,GOT,Financial Services ,United Kingdom,MAIN MARKET
Global Ports Holding Plc,GPH,Industrial Goods and Services,United Kingdom,MAIN MARKET
Golden Rock Global Plc,GCG,Financial Services ,Jersey,MAIN MARKET
Goodwin Plc,GDWN,Industrial Goods and Services,United Kingdom,MAIN MARKET
Gore Street Energy Storage Fund Plc,GSF,Financial Services ,United Kingdom,MAIN MARKET
Graft Polymer (Uk) Plc,GPL,Chemicals,United Kingdom,MAIN MARKET
Grainger Plc,GRI,Real Estate ,United Kingdom,MAIN MARKET
Gran Tierra Energy Inc.,GTE,Energy,United States,MAIN MARKET
Grand Fortune High Grade Limited,GFHG,Financial Services ,Cayman Islands,MAIN MARKET
Grand Vision Media Holdings Plc,GVMH,Media,United Kingdom,MAIN MARKET
Great Portland Estates Plc,GPE,Real Estate ,United Kingdom,MAIN MARKET
Great Southern Copper Plc,GSCU,Basic Resources,United Kingdom,MAIN MARKET
Greencoat Uk Wind Plc,UKW,Financial Services ,United Kingdom,MAIN MARKET
Greencore Group Plc,GNC,"Food, Beverage and Tobacco ",Ireland,MAIN MARKET
Greenx Metals Limited,GRX,Basic Resources,Australia,MAIN MARKET
Greggs Plc,GRG,"Personal Care, Drug and Grocery Stores ",United Kingdom,MAIN MARKET
Gresham House Renewable Energy Vct 1 Plc,GV1A,Financial Services ,United Kingdom,MAIN MARKET
Gresham House Renewable Energy Vct 1 Plc,GV1O,Financial Services ,United Kingdom,MAIN MARKET
Gresham House Renewable Energy Vct 2 Plc,GV2A,Financial Services ,United Kingdom,MAIN MARKET
Gresham House Renewable Energy Vct 2 Plc,GV2O,Financial Services ,United Kingdom,MAIN MARKET
Gresham Technologies Plc,GHT,Technology,United Kingdom,MAIN MARKET
Grit Investment Trust Plc,GRIT,Financial Services ,United Kingdom,MAIN MARKET
Grit Real Estate Income Group Limited,GR1T,Real Estate ,Guernsey,MAIN MARKET
Gs Chain Plc,GSC,Financial Services ,United Kingdom,MAIN MARKET
Gsk Plc,GSK,Health Care  ,United Kingdom,MAIN MARKET
Gstechnologies Ltd,GST,Technology,British Virgin Islands,MAIN MARKET
Guild Esports Plc,GILD,Travel and Leisure,United Kingdom,MAIN MARKET
Guinness Vct Plc,GVCT,Financial Services ,United Kingdom,MAIN MARKET
Gulf Keystone Petroleum Ltd,GKP,Energy,Bermuda,MAIN MARKET
Gulf Marine Services Plc,GMS,Energy,United Kingdom,MAIN MARKET
Haleon Plc,HLN,Health Care  ,United Kingdom,MAIN MARKET
Halfords Group Plc,HFD,Retail ,United Kingdom,MAIN MARKET
Halma Plc,HLMA,Industrial Goods and Services,United Kingdom,MAIN MARKET
Hamak Gold Limited,HAMA,Basic Resources,British Virgin Islands,MAIN MARKET
Hammerson Plc,HMSO,Real Estate ,United Kingdom,MAIN MARKET
Hansa Investment Company Limited,HAN,Financial Services ,Bermuda,MAIN MARKET
Hansa Investment Company Limited,HANA,Financial Services ,Bermuda,MAIN MARKET
Hansard Global Plc,HSD,Insurance,Isle of Man,MAIN MARKET
Harbour Energy Plc,HBR,Energy,United Kingdom,MAIN MARKET
Harbourvest Global Private Equity Limited,HVPD,Financial Services ,Guernsey,MAIN MARKET
Harbourvest Global Private Equity Limited,HVPE,Financial Services ,Guernsey,MAIN MARKET
Hargreave Hale Aim Vct Plc,HHV,Financial Services ,United Kingdom,MAIN MARKET
Hargreaves Lansdown Plc,HL.,Financial Services ,United Kingdom,MAIN MARKET
Harworth Group Plc,HWG,Real Estate ,United Kingdom,MAIN MARKET
Hawkwing Plc,HNG,Media,United Kingdom,MAIN MARKET
Hays Plc,HAS,Industrial Goods and Services,United Kingdom,MAIN MARKET
Headlam Group Plc,HEAD,Consumer Products and Services,United Kingdom,MAIN MARKET
Heiq Plc,HEIQ,Chemicals,United Kingdom,MAIN MARKET
Helical Plc,HLCL,Real Estate ,United Kingdom,MAIN MARKET
Helios Towers Plc,HTWS,Telecommunications,United Kingdom,MAIN MARKET
Hellenic Dynamics Plc,HELD,,United Kingdom,MAIN MARKET
Hemogenyx Pharmaceuticals Plc,HEMO,Health Care  ,United Kingdom,MAIN MARKET
Henderson Diversified Income Trust Plc,HDIV,Financial Services ,United Kingdom,MAIN MARKET
Henderson European Focus Trust Plc,HEFT,Financial Services ,United Kingdom,MAIN MARKET
Henderson Eurotrust Plc,HNE,Financial Services ,United Kingdom,MAIN MARKET
Henderson Far East Income Limited,HFEL,Financial Services ,Jersey,MAIN MARKET
Henderson High Income Trust Plc,HHI,Financial Services ,United Kingdom,MAIN MARKET
Henderson International Income Trust Plc,HINT,Financial Services ,United Kingdom,MAIN MARKET
Henderson Opportunities Trust Plc,HOT,Financial Services ,United Kingdom,MAIN MARKET
Henderson Smaller Companies Investment Trust Plc,44IO,Financial Services ,United Kingdom,MAIN MARKET
Henderson Smaller Companies Investment Trust Plc,HSL,Financial Services ,United Kingdom,MAIN MARKET
Herald Investment Trust Plc,HRI,Financial Services ,United Kingdom,MAIN MARKET
Hg Capital Trust Plc,HGT,Financial Services ,United Kingdom,MAIN MARKET
Hicl Infrastructure Plc,HICL,Financial Services ,United Kingdom,MAIN MARKET
Hidong Estate Plc,HID,"Food, Beverage and Tobacco ",United Kingdom,MAIN MARKET
Highcroft Investments Plc,HCFT,Real Estate ,United Kingdom,MAIN MARKET
Highway Capital Plc,HWC,Financial Services ,United Kingdom,MAIN MARKET
Hikma Pharmaceuticals Plc,HIK,Health Care  ,United Kingdom,MAIN MARKET
Hill & Smith Plc,HILS,Basic Resources,United Kingdom,MAIN MARKET
Hilton Food Group Plc,HFG,"Food, Beverage and Tobacco ",United Kingdom,MAIN MARKET
Hipgnosis Songs Fund Limited,SOND,Financial Services ,Guernsey,MAIN MARKET
Hipgnosis Songs Fund Limited,SONG,Financial Services ,Guernsey,MAIN MARKET
Hiro Metaverse Acquisitions I S.A.,HMA1,Financial Services ,Luxembourg,MAIN MARKET
Hiscox Ltd,HSX,Insurance,Bermuda,MAIN MARKET
Hochschild Mining Plc,HOC,Basic Resources,United Kingdom,MAIN MARKET
Hollywood Bowl Group Plc,BOWL,Travel and Leisure,United Kingdom,MAIN MARKET
Home Reit Plc,HOME,Real Estate ,United Kingdom,MAIN MARKET
Hong Kong Land Holdings Ld,HKLB,Real Estate ,Bermuda,MAIN MARKET
Hong Kong Land Holdings Ld,HKLD,Real Estate ,Bermuda,MAIN MARKET
Hong Kong Land Holdings Ld,HKLJ,Real Estate ,Bermuda,MAIN MARKET
Honye Financial Services Limited,HOYE,Financial Services ,Cayman Islands,MAIN MARKET
Hostelworld Group Plc,HSW,Travel and Leisure,United Kingdom,MAIN MARKET
Hostmore Plc,MORE,Travel and Leisure,United Kingdom,MAIN MARKET
Howden Joinery Group Plc,HWDN,Retail ,United Kingdom,MAIN MARKET
Hsbc Holdings Plc,HSBA,Banks,United Kingdom,MAIN MARKET
Hunting Plc,HTG,Energy,United Kingdom,MAIN MARKET
Hwange Colliery Company Limited,HWA,Energy,Zimbabwe,MAIN MARKET
Hydrogen Utopia International Plc,HUI,Energy,United Kingdom,MAIN MARKET
Hydrogenone Capital Growth Plc,HGEN,Financial Services ,United Kingdom,MAIN MARKET
Ibstock Plc,IBST,Construction and Materials,United Kingdom,MAIN MARKET
Icg Enterprise Trust Plc,ICGT,Financial Services ,United Kingdom,MAIN MARKET
Icg-Longbow Senior Secured Uk Property Debt Investments Limited,LBOW,Financial Services ,Guernsey,MAIN MARKET
Iconic Labs Plc,ICON,Technology,United Kingdom,MAIN MARKET
Ig Group Holdings Plc,IGG,Financial Services ,United Kingdom,MAIN MARKET
Ikigai Ventures Limited,IKIV,Financial Services ,Guernsey,MAIN MARKET
Imc Exploration Group Plc,IMC,Basic Resources,Ireland,MAIN MARKET
Imi Plc,IMI,Industrial Goods and Services,United Kingdom,MAIN MARKET
Impact Healthcare Reit Plc,IHR,Real Estate ,United Kingdom,MAIN MARKET
Impax Environmental Markets Plc,IEM,Financial Services ,United Kingdom,MAIN MARKET
Imperial Brands Plc,IMB,"Food, Beverage and Tobacco ",United Kingdom,MAIN MARKET
Inchcape Plc,INCH,Industrial Goods and Services,United Kingdom,MAIN MARKET
Income & Growth Vct (The) Plc,IGV,Financial Services ,United Kingdom,MAIN MARKET
India Capital Growth Fund Limited,IGC,Financial Services ,Guernsey,MAIN MARKET
Indivior Plc,INDV,Health Care  ,United Kingdom,MAIN MARKET
Informa Plc,INF,Media,United Kingdom,MAIN MARKET
Inland Zdp Plc,INLZ,Real Estate ,United Kingdom,MAIN MARKET
Integrafin Holdings Plc,IHP,Financial Services ,United Kingdom,MAIN MARKET
Integrated Diagnostics Holdings Plc,IDHC,Health Care  ,Jersey,MAIN MARKET
Intercontinental Hotels Group Plc,IHG,Travel and Leisure,United Kingdom,MAIN MARKET
Intermediate Capital Group Plc,ICP,Financial Services ,United Kingdom,MAIN MARKET
International Biotechnology Trust Plc,IBT,Financial Services ,United Kingdom,MAIN MARKET
International Business Machines Corporation,IBM,Technology,United States,MAIN MARKET
International Consolidated Airlines Group S.A.,IAG,Travel and Leisure,Spain,MAIN MARKET
International Distributions Services Plc,IDS,Industrial Goods and Services,United Kingdom,MAIN MARKET
International Personal Finance Plc,IPF,Financial Services ,United Kingdom,MAIN MARKET
International Public Partnerships Ld,INPP,Financial Services ,Guernsey,MAIN MARKET
Intertek Group Plc,ITRK,Industrial Goods and Services,United Kingdom,MAIN MARKET
Invesco Asia Trust Plc,IAT,Financial Services ,United Kingdom,MAIN MARKET
Invesco Bond Income Plus Limited,BIPS,Financial Services ,Jersey,MAIN MARKET
Invesco Perpetual Uk Smaller Companies Investment Trust Plc,IPU,Financial Services ,United Kingdom,MAIN MARKET
Invesco Select Trust Plc,IVPB,Financial Services ,United Kingdom,MAIN MARKET
Invesco Select Trust Plc,IVPG,Financial Services ,United Kingdom,MAIN MARKET
Invesco Select Trust Plc,IVPM,Financial Services ,United Kingdom,MAIN MARKET
Invesco Select Trust Plc,IVPU,Financial Services ,United Kingdom,MAIN MARKET
Investec Investment Trust Plc,46HA,,United Kingdom,MAIN MARKET
Investec Investment Trust Plc,47HA,,United Kingdom,MAIN MARKET
Investec Plc,INVP,Banks,United Kingdom,MAIN MARKET
Investment Company Plc,INV,Financial Services ,United Kingdom,MAIN MARKET
Ip Group Plc,IPO,Financial Services ,United Kingdom,MAIN MARKET
Iq-Ai Limited,IQAI,Health Care  ,Jersey,MAIN MARKET
Irish Continental Group Plc,ICGC,Industrial Goods and Services,Ireland,MAIN MARKET
Ithaca Energy Plc,ITH,Energy,United Kingdom,MAIN MARKET
Itv Plc,ITV,Media,United Kingdom,MAIN MARKET
Iwg Plc,IWG,Industrial Goods and Services,Jersey,MAIN MARKET
Jardine Matheson Holdings Ld,JAR,Industrial Goods and Services,Bermuda,MAIN MARKET
Jardine Matheson Holdings Ld,JARB,Industrial Goods and Services,Bermuda,MAIN MARKET
Jardine Matheson Holdings Ld,JARJ,Industrial Goods and Services,Bermuda,MAIN MARKET
Jd Sports Fashion Plc,JD.,Retail ,United Kingdom,MAIN MARKET
Jersey Electricity Plc,JEL,Utilities,Jersey,MAIN MARKET
Jlen Environmental Assets Group Limited,JLEN,Financial Services ,Guernsey,MAIN MARKET
Johnson Matthey Plc,JMAT,Chemicals,United Kingdom,MAIN MARKET
Jpel Private Equity Limited,JPEL,Financial Services ,Guernsey,MAIN MARKET
Jpmorgan American Investment Trust Plc,JAM,Financial Services ,United Kingdom,MAIN MARKET
Jpmorgan Asia Growth & Income Plc,JAGI,Financial Services ,United Kingdom,MAIN MARKET
Jpmorgan China Growth & Income Plc,JCGI,Financial Services ,United Kingdom,MAIN MARKET
Jpmorgan Claverhouse Investment Trust Plc,JCH,Financial Services ,United Kingdom,MAIN MARKET
"Jpmorgan Emerging Europe, Middle East & Africa Securities Plc",JEMA,Financial Services ,United Kingdom,MAIN MARKET
Jpmorgan Emerging Markets Investment Trust Plc,JMG,Financial Services ,United Kingdom,MAIN MARKET
Jpmorgan European Discovery Trust Plc,JEDT,Financial Services ,United Kingdom,MAIN MARKET
Jpmorgan European Growth & Income Plc,JEGI,Financial Services ,United Kingdom,MAIN MARKET
Jpmorgan Global Core Real Assets Limited,JARA,Financial Services ,Guernsey,MAIN MARKET
Jpmorgan Global Core Real Assets Limited,JARE,Financial Services ,Guernsey,MAIN MARKET
Jpmorgan Global Core Real Assets Limited,JARU,Financial Services ,Guernsey,MAIN MARKET
Jpmorgan Global Emerging Markets Income Trust Plc,JEMI,Financial Services ,United Kingdom,MAIN MARKET
Jpmorgan Global Growth & Income Plc,JGGI,Financial Services ,United Kingdom,MAIN MARKET
Jpmorgan Indian Investment Trust Plc,JII,Financial Services ,United Kingdom,MAIN MARKET
Jpmorgan Japan Small Cap Growth & Income Plc,JPSS,Financial Services ,United Kingdom,MAIN MARKET
Jpmorgan Japan Small Cap Growth & Income Plc,JSGI,Financial Services ,United Kingdom,MAIN MARKET
Jpmorgan Japanese Investment Trust Plc,JFJ,Financial Services ,United Kingdom,MAIN MARKET
Jpmorgan Mid Capital Investment Trust Plc,JMF,Financial Services ,United Kingdom,MAIN MARKET
Jpmorgan Multi-Asset Growth & Income Plc,MATE,Financial Services ,United Kingdom,MAIN MARKET
Jpmorgan Uk Smaller Companies Investment Trust Plc,JMI,Financial Services ,United Kingdom,MAIN MARKET
Jpmorgan Us Smaller Co. Inv Tst Plc,JUSC,Financial Services ,United Kingdom,MAIN MARKET
Jtc Plc,JTC,Financial Services ,Jersey,MAIN MARKET
Jupiter Fund Management Plc,JUP,Financial Services ,United Kingdom,MAIN MARKET
Jupiter Green Investment Trust Plc,JGC,Financial Services ,United Kingdom,MAIN MARKET
Just Eat Takeaway.Com N.V.,JET,Technology,Netherlands,MAIN MARKET
Just Group Plc,JUST,Insurance,United Kingdom,MAIN MARKET
Kainos Group Plc,KNOS,Technology,United Kingdom,MAIN MARKET
Kakuzi Ld,KAKU,"Food, Beverage and Tobacco ",Kenya,MAIN MARKET
Kanabo Group Plc,KNB,Health Care  ,United Kingdom,MAIN MARKET
Kavango Resources Plc,KAV,Basic Resources,United Kingdom,MAIN MARKET
Keller Group Plc,KLR,Construction and Materials,United Kingdom,MAIN MARKET
Kelso Group Holdings Plc,KLSO,Financial Services ,United Kingdom,MAIN MARKET
Kendrick Resources Plc,KEN,Basic Resources,United Kingdom,MAIN MARKET
Kenmare Resources Plc,KMR,Basic Resources,Ireland,MAIN MARKET
Kerry Group Plc,KYGA,"Food, Beverage and Tobacco ",Ireland,MAIN MARKET
Keystone Positive Change Investment Trust Plc,70HF,Financial Services ,United Kingdom,MAIN MARKET
Keystone Positive Change Investment Trust Plc,KPC,Financial Services ,United Kingdom,MAIN MARKET
Kier Group Plc,KIE,Construction and Materials,United Kingdom,MAIN MARKET
Kin And Carta Plc,KCT,Technology,United Kingdom,MAIN MARKET
Kingfisher Plc,KGF,Retail ,United Kingdom,MAIN MARKET
Kings Arms Yard Vct Plc,KAY,Financial Services ,United Kingdom,MAIN MARKET
Konami Group Corporation,KNM,Consumer Products and Services,Japan,MAIN MARKET
Kosmos Energy Ltd,KOS,Energy,United States,MAIN MARKET
Ksk Power Ventur Plc,KSK,Utilities,Isle of Man,MAIN MARKET
Lancashire Holdings Limited,LRE,Insurance,Bermuda,MAIN MARKET
Land Securities Group Plc,LAND,Real Estate ,United Kingdom,MAIN MARKET
Law Debenture Corporation Plc,LWDB,Financial Services ,United Kingdom,MAIN MARKET
Legal & General Group Plc,LGEN,Insurance,United Kingdom,MAIN MARKET
Life Science Reit Plc,LABS,Real Estate ,United Kingdom,MAIN MARKET
Lindsell Train Investment Trust Plc,LTI,Financial Services ,United Kingdom,MAIN MARKET
Liontrust Asset Management Plc,LIO,Financial Services ,United Kingdom,MAIN MARKET
Lloyds Banking Group Plc,LLOY,Banks,United Kingdom,MAIN MARKET
Lms Capital Plc,LMS,Financial Services ,United Kingdom,MAIN MARKET
London & Associated Properties Plc,LAS,Real Estate ,United Kingdom,MAIN MARKET
London Finance & Investment Group Plc,LFI,Financial Services ,United Kingdom,MAIN MARKET
London Stock Exchange Group Plc,LSEG,Financial Services ,United Kingdom,MAIN MARKET
Londonmetric Property Plc,LMP,Real Estate ,United Kingdom,MAIN MARKET
Lowland Investment Company Plc,LWI,Financial Services ,United Kingdom,MAIN MARKET
Lsl Property Services Plc,LSL,Real Estate ,United Kingdom,MAIN MARKET
Luceco Plc,LUCE,Industrial Goods and Services,United Kingdom,MAIN MARKET
Lxi Reit Plc,LXI,Real Estate ,United Kingdom,MAIN MARKET
M&G Credit Income Investment Trust Plc,MGCI,Financial Services ,United Kingdom,MAIN MARKET
M&G Plc,MNG,Financial Services ,United Kingdom,MAIN MARKET
Mac Alpha Limited,MACA,Financial Services ,U.S. Virgin Islands,MAIN MARKET
Macau Property Opportunities Fund Limited,MPO,Financial Services ,Guernsey,MAIN MARKET
Macfarlane Group Plc,MACF,Industrial Goods and Services,United Kingdom,MAIN MARKET
Majedie Investments Plc,MAJE,Financial Services ,United Kingdom,MAIN MARKET
Man Group Plc,EMG,Financial Services ,Jersey,MAIN MARKET
Manchester & London Investment Trust Plc,MNL,Financial Services ,United Kingdom,MAIN MARKET
Mandarin Oriental International Ld,MDO,Travel and Leisure,Bermuda,MAIN MARKET
Mandarin Oriental International Ld,MDOB,Travel and Leisure,Bermuda,MAIN MARKET
Mandarin Oriental International Ld,MDOJ,Travel and Leisure,Bermuda,MAIN MARKET
Marks And Spencer Group Plc,MKS,Retail ,United Kingdom,MAIN MARKET
Marshalls Plc,MSLH,Construction and Materials,United Kingdom,MAIN MARKET
Marston'S Plc,92IP,Travel and Leisure,United Kingdom,MAIN MARKET
Marston'S Plc,MARS,Travel and Leisure,United Kingdom,MAIN MARKET
Martin Currie Global Portfolio Trust Plc,MNP,Financial Services ,United Kingdom,MAIN MARKET
Maruwa Co. Ltd,MAW,Industrial Goods and Services,Japan,MAIN MARKET
Marwyn Acquisition Company Ii Limited,MAC2,Financial Services ,British Virgin Islands,MAIN MARKET
Marwyn Acquisition Company Iii Limited,MAC3,Financial Services ,British Virgin Islands,MAIN MARKET
Mast Energy Developments Plc,MAST,Utilities,United Kingdom,MAIN MARKET
Maven Income & Growth Vct 4 Plc,MAV4,Financial Services ,United Kingdom,MAIN MARKET
Maven Income & Growth Vct Plc,MIG1,Financial Services ,United Kingdom,MAIN MARKET
Maven Income And Growth Vct 3 Plc,MIG3,Financial Services ,United Kingdom,MAIN MARKET
Maven Income And Growth Vct 5 Plc,MIG5,Financial Services ,United Kingdom,MAIN MARKET
Mcbride Plc,MCB,"Personal Care, Drug and Grocery Stores ",United Kingdom,MAIN MARKET
Mccoll'S Retail Group Plc,MCLS,"Personal Care, Drug and Grocery Stores ",United Kingdom,MAIN MARKET
Me Group International Plc,MEGP,Consumer Products and Services,United Kingdom,MAIN MARKET
Mears Group Plc,MER,Industrial Goods and Services,United Kingdom,MAIN MARKET
Medcaw Investments Plc,MCI,Financial Services ,United Kingdom,MAIN MARKET
Meikles Limited,MIK,"Personal Care, Drug and Grocery Stores ",Zimbabwe,MAIN MARKET
Melrose Industries Plc,MRO,Industrial Goods and Services,United Kingdom,MAIN MARKET
Menhaden Resource Efficiency Plc,MHN,Financial Services ,United Kingdom,MAIN MARKET
Mercantile Investment Trust (The) Plc,MRC,Financial Services ,United Kingdom,MAIN MARKET
Merchants Trust Plc,72HN,Financial Services ,United Kingdom,MAIN MARKET
Merchants Trust Plc,MRCH,Financial Services ,United Kingdom,MAIN MARKET
Metalnrg Plc,MNRG,Basic Resources,United Kingdom,MAIN MARKET
Metro Bank Holdings Plc,MTRO,Banks,United Kingdom,MAIN MARKET
Mgc Pharmaceuticals Limited,MXC,Health Care  ,Australia,MAIN MARKET
Middlefield Canadian Income Pcc,MCT,Financial Services ,Jersey,MAIN MARKET
Mid-Wynd International Investment Trust Plc,MWY,Financial Services ,United Kingdom,MAIN MARKET
Migo Opportunities Trust Plc,MIGO,Financial Services ,United Kingdom,MAIN MARKET
Mila Resources Plc,MILA,Financial Services ,United Kingdom,MAIN MARKET
Milton Capital Plc,MII,Financial Services ,United Kingdom,MAIN MARKET
"Mining, Minerals & Metals Plc",MMM,Financial Services ,United Kingdom,MAIN MARKET
Mitchells & Butlers Plc,MAB,Travel and Leisure,United Kingdom,MAIN MARKET
Mitie Group Plc,MTO,Industrial Goods and Services,United Kingdom,MAIN MARKET
Miton Uk Microcap Trust Plc,MINI,Financial Services ,United Kingdom,MAIN MARKET
Mj Gleeson Plc,GLE,Consumer Products and Services,United Kingdom,MAIN MARKET
Mobeus Income & Growth 2 Vct Plc,MIG,Financial Services ,United Kingdom,MAIN MARKET
Mobeus Income & Growth 4 Vct Plc,MIG4,Financial Services ,United Kingdom,MAIN MARKET
Mobeus Income & Growth Vct Plc,MIX,Financial Services ,United Kingdom,MAIN MARKET
Mobico Group Plc,MCG,Travel and Leisure,United Kingdom,MAIN MARKET
Mobius Investment Trust Plc,MMIT,Financial Services ,United Kingdom,MAIN MARKET
Molten Ventures Plc,GROW,Financial Services ,United Kingdom,MAIN MARKET
Molten Ventures Vct Plc,MVCT,Financial Services ,United Kingdom,MAIN MARKET
Mondi Plc,MNDI,Industrial Goods and Services,United Kingdom,MAIN MARKET
Moneysupermarket.Com Group Plc,MONY,Technology,United Kingdom,MAIN MARKET
Monks Investment Trust Plc,MNKS,Financial Services ,United Kingdom,MAIN MARKET
Montanaro European Smaller C. Tst Plc,MTE,Financial Services ,United Kingdom,MAIN MARKET
Montanaro Uk Smaller Companies Investment Trust Plc,MTU,Financial Services ,United Kingdom,MAIN MARKET
Moonpig Group Plc,MOON,Retail ,United Kingdom,MAIN MARKET
More Acquisitions Plc,TMOR,Financial Services ,United Kingdom,MAIN MARKET
Morgan Advanced Materials Plc,BA05,Industrial Goods and Services,United Kingdom,MAIN MARKET
Morgan Advanced Materials Plc,BA29,Industrial Goods and Services,United Kingdom,MAIN MARKET
Morgan Advanced Materials Plc,MGAM,Industrial Goods and Services,United Kingdom,MAIN MARKET
Morgan Sindall Group Plc,MGNS,Construction and Materials,United Kingdom,MAIN MARKET
Motorpoint Group Plc,MOTR,Retail ,United Kingdom,MAIN MARKET
Mountview Estates Plc,MTVW,Real Estate ,United Kingdom,MAIN MARKET
Murray Income Trust Plc,MUT,Financial Services ,United Kingdom,MAIN MARKET
Murray International Trust Plc,MYI,Financial Services ,United Kingdom,MAIN MARKET
Mustang Energy Plc,MUST,Financial Services ,United Kingdom,MAIN MARKET
Nanoco Group Plc,NANO,Technology,United Kingdom,MAIN MARKET
Narf Industries Plc,NARF,Financial Services ,United Kingdom,MAIN MARKET
National Grid Plc,NG.,Utilities,United Kingdom,MAIN MARKET
National World Plc,NWOR,Media,United Kingdom,MAIN MARKET
Nationwide Building Society,NBS,Banks,United Kingdom,MAIN MARKET
Natwest Group Plc,NWG,Banks,United Kingdom,MAIN MARKET
Nb Global Monthly Income Fund Limited,NBMI,Financial Services ,Guernsey,MAIN MARKET
Nb Private Equity Partners Limited,NBPE,Financial Services ,Guernsey,MAIN MARKET
Nb Private Equity Partners Limited,NBPU,Financial Services ,Guernsey,MAIN MARKET
Ncc Group Plc,NCC,Technology,United Kingdom,MAIN MARKET
Neo Energy Metals Plc,NEO,Financial Services ,United Kingdom,MAIN MARKET
Net Zero Infrastructure Plc,NZI,Financial Services ,United Kingdom,MAIN MARKET
Network International Holdings Plc,NETW,Industrial Goods and Services,United Kingdom,MAIN MARKET
New Century Aim Vct 2 Plc,NCA2,Financial Services ,United Kingdom,MAIN MARKET
New Energy One Acquisition Corporation Plc,NEOA,Financial Services ,United Kingdom,MAIN MARKET
New Star Investment Trust Plc,NSI,Financial Services ,United Kingdom,MAIN MARKET
Newriver Reit Plc,NRR,Real Estate ,United Kingdom,MAIN MARKET
Next Plc,NXT,Retail ,United Kingdom,MAIN MARKET
Nextenergy Solar Fund Limited,NESF,Financial Services ,Guernsey,MAIN MARKET
Ninety One Plc,N91,Financial Services ,United Kingdom,MAIN MARKET
Nippon Active Value Fund Plc,NAVF,Financial Services ,United Kingdom,MAIN MARKET
Norcros Plc,NXR,Construction and Materials,United Kingdom,MAIN MARKET
North American Income Trust (The) Plc,NAIT,Financial Services ,United Kingdom,MAIN MARKET
North Atlantic Smaller Companies Investment Trust Plc,NAS,Financial Services ,United Kingdom,MAIN MARKET
Northern 2 Vct Plc,NTV,Financial Services ,United Kingdom,MAIN MARKET
Northern 3 Vct Plc,NTN,Financial Services ,United Kingdom,MAIN MARKET
Northern Electric Plc,NTEA,Utilities,United Kingdom,MAIN MARKET
Northern Venture Trust Plc,NVT,Financial Services ,United Kingdom,MAIN MARKET
Nostrum Oil & Gas Plc,NOG,Energy,United Kingdom,MAIN MARKET
Nuformix Plc,NFX,Health Care  ,United Kingdom,MAIN MARKET
Ocado Group Plc,OCDO,"Personal Care, Drug and Grocery Stores ",United Kingdom,MAIN MARKET
Ocean Wilsons (Holdings) Ld,OCN,Industrial Goods and Services,Bermuda,MAIN MARKET
Octopus Aim Vct 2 Plc,OSEC,Financial Services ,United Kingdom,MAIN MARKET
Octopus Aim Vct Plc,OOA,Financial Services ,United Kingdom,MAIN MARKET
Octopus Apollo Vct Plc,OAP3,Financial Services ,United Kingdom,MAIN MARKET
Octopus Future Generations Vct Plc,OFG,Financial Services ,United Kingdom,MAIN MARKET
Octopus Renewables Infrastructure Trust Plc,ORIT,Financial Services ,United Kingdom,MAIN MARKET
Octopus Titan Vct Plc,OTV2,Financial Services ,United Kingdom,MAIN MARKET
Odyssean Investment Trust Plc,OIT,Financial Services ,United Kingdom,MAIN MARKET
Old Mutual Limited,OMU,Insurance,South Africa,MAIN MARKET
On The Beach Group Plc,OTB,Travel and Leisure,United Kingdom,MAIN MARKET
Ondo Insurtech Plc,ONDO,Industrial Goods and Services,United Kingdom,MAIN MARKET
One Heritage Group Plc,OHG,Real Estate ,United Kingdom,MAIN MARKET
Oneiro Energy Plc,ONE,Financial Services ,United Kingdom,MAIN MARKET
Orient Telecoms Plc,ORNT,Technology,United Kingdom,MAIN MARKET
Oryx International Growth Fund Ltd,OIG,Financial Services ,Guernsey,MAIN MARKET
Osb Group Plc,OSB,Financial Services ,United Kingdom,MAIN MARKET
Oxford Biomedica Plc,OXB,Health Care  ,United Kingdom,MAIN MARKET
Oxford Cannabinoid Technologies Holdings Plc,OCTP,Health Care  ,United Kingdom,MAIN MARKET
Oxford Instruments Plc,OXIG,Industrial Goods and Services,United Kingdom,MAIN MARKET
Oxford Nanopore Technologies Plc,ONT,Health Care  ,United Kingdom,MAIN MARKET
Oxford Technology 2 Venture Capital Trust Plc,OT1,Financial Services ,United Kingdom,MAIN MARKET
Oxford Technology 2 Venture Capital Trust Plc,OT3,Financial Services ,United Kingdom,MAIN MARKET
Oxford Technology 2 Venture Capital Trust Plc,OT4,Financial Services ,United Kingdom,MAIN MARKET
Oxford Technology 2 Venture Capital Trust Plc,OXH,Financial Services ,United Kingdom,MAIN MARKET
Pacific Assets Trust Plc,PAC,Financial Services ,United Kingdom,MAIN MARKET
Pacific Horizon Investment Trust Plc,PHI,Financial Services ,United Kingdom,MAIN MARKET
Pagegroup Plc,PAGE,Industrial Goods and Services,United Kingdom,MAIN MARKET
Palace Capital Plc,PCA,Real Estate ,United Kingdom,MAIN MARKET
Pantheon Infrastructure Plc,PINT,Financial Services ,United Kingdom,MAIN MARKET
Pantheon International Plc,PIN,Financial Services ,United Kingdom,MAIN MARKET
Panther Metals Plc,PALM,Basic Resources,Isle of Man,MAIN MARKET
Paragon Banking Group Plc,PAG,Financial Services ,United Kingdom,MAIN MARKET
Paypoint Plc,PAY,Industrial Goods and Services,United Kingdom,MAIN MARKET
Pcgh Zdp Plc,PGHZ,Financial Services ,United Kingdom,MAIN MARKET
Pearson Plc,PSON,Media,United Kingdom,MAIN MARKET
Pembroke Vct Plc,PEMB,Financial Services ,United Kingdom,MAIN MARKET
Pendragon Plc,PDG,Retail ,United Kingdom,MAIN MARKET
Pennon Group Plc,PNN,Utilities,United Kingdom,MAIN MARKET
Pennpetro Energy Plc,PPP,Energy,United Kingdom,MAIN MARKET
Pensana Plc,PRE,Basic Resources,United Kingdom,MAIN MARKET
Pensionbee Group Plc,PBEE,Financial Services ,United Kingdom,MAIN MARKET
Permanent Tsb Group Holdings Plc,PTSB,Banks,Ireland,MAIN MARKET
Pershing Square Holdings Ltd,PSH,Financial Services ,Guernsey,MAIN MARKET
Pershing Square Holdings Ltd,PSHD,Financial Services ,Guernsey,MAIN MARKET
Persimmon Plc,PSN,Consumer Products and Services,United Kingdom,MAIN MARKET
Personal Assets Trust Plc,PNL,Financial Services ,United Kingdom,MAIN MARKET
Petershill Partners Plc,PHLL,Financial Services ,United Kingdom,MAIN MARKET
Petra Diamonds Limited,PDL,Basic Resources,Bermuda,MAIN MARKET
Petrofac Limited,PFC,Energy,Jersey,MAIN MARKET
Pets At Home Group Plc,PETS,Retail ,United Kingdom,MAIN MARKET
Pharos Energy Plc,PHAR,Energy,United Kingdom,MAIN MARKET
Phoenix Group Holdings Plc,PHNX,Insurance,United Kingdom,MAIN MARKET
Phoenix Spree Deutschland Limited,PSDL,Real Estate ,Jersey,MAIN MARKET
Picton Property Income Ld,PCTN,Real Estate ,Guernsey,MAIN MARKET
Pineapple Power Corporation Plc,PNPL,Financial Services ,United Kingdom,MAIN MARKET
Playtech Plc,PTEC,Travel and Leisure,Isle of Man,MAIN MARKET
Plaza Centers N.V.,PLAZ,Real Estate ,Netherlands,MAIN MARKET
Plus500 Ltd,PLUS,Financial Services ,Israel,MAIN MARKET
Pmgr Securities 2025 Plc,PMGZ,,United Kingdom,MAIN MARKET
Pod Point Group Holdings Plc,PODP,Energy,United Kingdom,MAIN MARKET
Polar Capital Global Financials Trust Plc,PCFT,Financial Services ,United Kingdom,MAIN MARKET
Polar Capital Global Healthcare Trust Plc,PCGH,Financial Services ,United Kingdom,MAIN MARKET
Polar Capital Technology Trust Plc,PCT,Financial Services ,United Kingdom,MAIN MARKET
Pollen Street Plc,POLN,Financial Services ,United Kingdom,MAIN MARKET
Porvair Plc,PRV,Industrial Goods and Services,United Kingdom,MAIN MARKET
Pphe Hotel Group Limited,PPH,Travel and Leisure,Guernsey,MAIN MARKET
Predator Oil & Gas Holdings Plc,PRD,Energy,Jersey,MAIN MARKET
Premier Foods Plc,PFD,"Food, Beverage and Tobacco ",United Kingdom,MAIN MARKET
Premier Miton Global Renewables Trust Plc,PMGR,Financial Services ,United Kingdom,MAIN MARKET
Primary Health Properties Plc,PHP,Real Estate ,United Kingdom,MAIN MARKET
Princess Private Equity Holding Limited,PEY,Financial Services ,Guernsey,MAIN MARKET
Princess Private Equity Holding Limited,PEYS,Financial Services ,Guernsey,MAIN MARKET
Procook Group Plc,PROC,Consumer Products and Services,United Kingdom,MAIN MARKET
Proven Growth & Income Vct Plc,PGOO,Financial Services ,United Kingdom,MAIN MARKET
Proven Vct Plc,PVN,Financial Services ,United Kingdom,MAIN MARKET
Prs Reit (The) Plc,PRSR,Real Estate ,United Kingdom,MAIN MARKET
Prudential Plc,PRU,Insurance,United Kingdom,MAIN MARKET
Puma Alpha Vct Plc,PUAL,Financial Services ,United Kingdom,MAIN MARKET
Puma Vct 13 Plc,PU13,Financial Services ,United Kingdom,MAIN MARKET
Puretech Health Plc,PRTC,Health Care  ,United Kingdom,MAIN MARKET
Pyx Resources Limited,PYX,Basic Resources,Australia,MAIN MARKET
Pz Cussons Plc,PZC,"Personal Care, Drug and Grocery Stores ",United Kingdom,MAIN MARKET
Qinetiq Group Plc,QQ.,Industrial Goods and Services,United Kingdom,MAIN MARKET
Quarto Group Incorporated,QRT,Media,United States,MAIN MARKET
Quilter Plc,QLT,Financial Services ,United Kingdom,MAIN MARKET
R.E.A. Holdings Plc,RE.,"Food, Beverage and Tobacco ",United Kingdom,MAIN MARKET
R.E.A. Holdings Plc,RE.B,"Food, Beverage and Tobacco ",United Kingdom,MAIN MARKET
R8 Capital Investments Plc,MODE,Financial Services ,United Kingdom,MAIN MARKET
Rainbow Rare Earths Limited,RBW,Basic Resources,Guernsey,MAIN MARKET
Rank Group Plc,RNK,Travel and Leisure,United Kingdom,MAIN MARKET
Rathbones Group Plc,RAT,Financial Services ,United Kingdom,MAIN MARKET
Rc365 Holding Plc,RCGH,Industrial Goods and Services,United Kingdom,MAIN MARKET
Reach Plc,RCH,Media,United Kingdom,MAIN MARKET
Real Estate Credit Investments Limited,RECI,Financial Services ,Guernsey,MAIN MARKET
Reckitt Benckiser Group Plc,RKT,"Personal Care, Drug and Grocery Stores ",United Kingdom,MAIN MARKET
Record Plc,REC,Financial Services ,United Kingdom,MAIN MARKET
Red Capital Plc,REDC,Financial Services ,Jersey,MAIN MARKET
Redde Northgate Plc,67GX,Industrial Goods and Services,United Kingdom,MAIN MARKET
Redde Northgate Plc,REDD,Industrial Goods and Services,United Kingdom,MAIN MARKET
Redrow Plc,RDW,Consumer Products and Services,United Kingdom,MAIN MARKET
Regional Reit Limited,RGL,Real Estate ,Guernsey,MAIN MARKET
Regtech Open Project Plc,RTOP,Technology,United Kingdom,MAIN MARKET
Relx Plc,REL,Media,United Kingdom,MAIN MARKET
Renewi Plc,RWI,Utilities,United Kingdom,MAIN MARKET
Renishaw Plc,RSW,Industrial Goods and Services,United Kingdom,MAIN MARKET
Rentokil Initial Plc,RTO,Industrial Goods and Services,United Kingdom,MAIN MARKET
Residential Secure Income Plc,RESI,Real Estate ,United Kingdom,MAIN MARKET
Resolute Mining Limited,RSG,Basic Resources,Australia,MAIN MARKET
Restaurant Group Plc,RTN,Travel and Leisure,United Kingdom,MAIN MARKET
Rhi Magnesita N.V.,RHIM,Chemicals,Netherlands,MAIN MARKET
Ricardo Plc,RCDO,Construction and Materials,United Kingdom,MAIN MARKET
Rightmove Plc,RMV,Real Estate ,United Kingdom,MAIN MARKET
Rights & Issues Investment Trust Plc,RIII,Financial Services ,United Kingdom,MAIN MARKET
Rio Tinto Plc,RIO,Basic Resources,United Kingdom,MAIN MARKET
Rit Capital Partners Plc,RCP,Financial Services ,United Kingdom,MAIN MARKET
River And Mercantile Uk Micro Cap Investment Company Limited,RMMC,Financial Services ,Guernsey,MAIN MARKET
Riverstone Energy Limited,RSE,Financial Services ,Guernsey,MAIN MARKET
Rm Infrastructure Income Plc,RMII,Financial Services ,United Kingdom,MAIN MARKET
Rm Plc,RM.,Consumer Products and Services,United Kingdom,MAIN MARKET
Robert Walters Plc,RWA,Industrial Goods and Services,United Kingdom,MAIN MARKET
Rockpool Acquisitions Plc,ROC,Financial Services ,United Kingdom,MAIN MARKET
Rockwood Strategic Plc,RKW,Financial Services ,United Kingdom,MAIN MARKET
Rolls-Royce Holdings Plc,RR.,Industrial Goods and Services,United Kingdom,MAIN MARKET
Roquefort Therapeutics Plc,ROQ,Health Care  ,United Kingdom,MAIN MARKET
Ross Group Plc,RGP,Industrial Goods and Services,United Kingdom,MAIN MARKET
Rotork Plc,76ID,Industrial Goods and Services,United Kingdom,MAIN MARKET
Rotork Plc,ROR,Industrial Goods and Services,United Kingdom,MAIN MARKET
Rs Group Plc,RS1,Industrial Goods and Services,United Kingdom,MAIN MARKET
Rsa Insurance Group Limited,RSAB,Insurance,United Kingdom,MAIN MARKET
Rtw Biotech Opportunities Ltd,RTW,Financial Services ,Guernsey,MAIN MARKET
Rtw Biotech Opportunities Ltd,RTWG,Financial Services ,Guernsey,MAIN MARKET
Ruffer Investment Company Ltd,RICA,Financial Services ,Guernsey,MAIN MARKET
S & U Plc,46IE,Financial Services ,United Kingdom,MAIN MARKET
S & U Plc,47IE,Financial Services ,United Kingdom,MAIN MARKET
S & U Plc,SUS,Financial Services ,United Kingdom,MAIN MARKET
S4 Capital Plc,SFOR,Media,United Kingdom,MAIN MARKET
Sabre Insurance Group Plc,SBRE,Insurance,United Kingdom,MAIN MARKET
Safestore Holdings Plc,SAFE,Real Estate ,United Kingdom,MAIN MARKET
Saga Plc,SAGA,Travel and Leisure,United Kingdom,MAIN MARKET
Sage Group Plc,SGE,Technology,United Kingdom,MAIN MARKET
Sainsbury (J) Plc,SBRY,"Personal Care, Drug and Grocery Stores ",United Kingdom,MAIN MARKET
Sancus Lending Group Limited,LENZ,Financial Services ,United Kingdom,MAIN MARKET
Santander Uk Plc,SANB,Banks,United Kingdom,MAIN MARKET
Savills Plc,SVS,Real Estate ,United Kingdom,MAIN MARKET
Schroder Asian Total Return Investment Company Plc,ATR,Financial Services ,United Kingdom,MAIN MARKET
Schroder Asiapacific Fund Plc,SDP,Financial Services ,United Kingdom,MAIN MARKET
Schroder British Opportunities Trust Plc,SBO,Financial Services ,United Kingdom,MAIN MARKET
Schroder Bsc Social Impact Trust Plc,SBSI,Financial Services ,United Kingdom,MAIN MARKET
Schroder European Real Estate Investment Trust Plc,SERE,Real Estate ,United Kingdom,MAIN MARKET
Schroder Income Growth Fund Plc,SCF,Financial Services ,United Kingdom,MAIN MARKET
Schroder Japan Trust Plc,SJG,Financial Services ,United Kingdom,MAIN MARKET
Schroder Oriental Income Fund Limited,SOI,Financial Services ,Guernsey,MAIN MARKET
Schroder Real Estate Investment Trust Limited,SREI,Real Estate ,Guernsey,MAIN MARKET
Schroder Uk Mid Cap Fund Plc,SCP,Financial Services ,United Kingdom,MAIN MARKET
Schroders Capital Global Innovation Trust Plc,INOV,Financial Services ,United Kingdom,MAIN MARKET
Schroders Plc,SDR,Financial Services ,United Kingdom,MAIN MARKET
Scottish American Investment Co. Plc,SAIN,Financial Services ,United Kingdom,MAIN MARKET
Scottish Mortgage Investment Trust Plc,SMT,Financial Services ,United Kingdom,MAIN MARKET
Scottish Oriental Smaller Companies Trust Plc,SST,Financial Services ,United Kingdom,MAIN MARKET
Scs Group Plc,SCS,Retail ,United Kingdom,MAIN MARKET
Sdcl Energy Efficiency Income Trust Plc,SEIT,Financial Services ,United Kingdom,MAIN MARKET
Sdv 2025 Zdp Plc,SDVP,Financial Services ,United Kingdom,MAIN MARKET
Sealand Capital Galaxy Limited,SCGL,Technology,Cayman Islands,MAIN MARKET
Secure Trust Bank Plc,STB,Banks,United Kingdom,MAIN MARKET
Seed Capital Solutions Plc,SCSP,Financial Services ,United Kingdom,MAIN MARKET
Segro Plc,SGRO,Real Estate ,United Kingdom,MAIN MARKET
Seneca Growth Capital Vct Plc,HYG,Financial Services ,United Kingdom,MAIN MARKET
Seneca Growth Capital Vct Plc,SVCT,Financial Services ,United Kingdom,MAIN MARKET
Senior Plc,SNR,Industrial Goods and Services,United Kingdom,MAIN MARKET
Seplat Energy Plc,SEPL,Energy,Nigeria,MAIN MARKET
Sequoia Economic Infrastructure Income Fund Limited,SEQI,Financial Services ,Guernsey,MAIN MARKET
Seraphim Space Investment Trust Plc,SSIT,Financial Services ,United Kingdom,MAIN MARKET
Serco Group Plc,SRP,Industrial Goods and Services,United Kingdom,MAIN MARKET
Severfield Plc,SFR,Construction and Materials,United Kingdom,MAIN MARKET
Severn Trent Plc,SVT,Utilities,United Kingdom,MAIN MARKET
Shaftesbury Capital Plc,SHC,Real Estate ,United Kingdom,MAIN MARKET
Shefa Gems Ltd,SEFA,Basic Resources,Israel,MAIN MARKET
Shell Plc,SHEL,Energy,United Kingdom,MAIN MARKET
Shires Income Plc,SHRS,Financial Services ,United Kingdom,MAIN MARKET
Sig Plc,SHI,Industrial Goods and Services,United Kingdom,MAIN MARKET
Sirius Real Estate Ld,SRE,Real Estate ,Guernsey,MAIN MARKET
Sivota Plc,SIV,Technology,United Kingdom,MAIN MARKET
Slf Realisation Fund Limited,SLFR,Financial Services ,Guernsey,MAIN MARKET
Slf Realisation Fund Limited,SLFX,Financial Services ,Guernsey,MAIN MARKET
Smart (J.) & Co. (Contractors) Plc,SMJ,Construction and Materials,United Kingdom,MAIN MARKET
Smith & Nephew Plc,SN.,Health Care  ,United Kingdom,MAIN MARKET
Smith (Ds) Plc,SMDS,Industrial Goods and Services,United Kingdom,MAIN MARKET
Smiths Group Plc,SMIN,Industrial Goods and Services,United Kingdom,MAIN MARKET
Smiths News Plc,SNWS,Industrial Goods and Services,United Kingdom,MAIN MARKET
Smithson Investment Trust Plc,SSON,Financial Services ,United Kingdom,MAIN MARKET
Smurfit Kappa Group Plc,SKG,Industrial Goods and Services,Ireland,MAIN MARKET
Softcat Plc,SCT,Technology,United Kingdom,MAIN MARKET
Solgold Plc,SOLG,Basic Resources,United Kingdom,MAIN MARKET
South32 Limited,S32,Basic Resources,Australia,MAIN MARKET
Spectris Plc,SXS,Industrial Goods and Services,United Kingdom,MAIN MARKET
Speedy Hire Plc,SDY,Industrial Goods and Services,United Kingdom,MAIN MARKET
Spirax-Sarco Engineering Plc,SPX,Industrial Goods and Services,United Kingdom,MAIN MARKET
Spire Healthcare Group Plc,SPI,Health Care  ,United Kingdom,MAIN MARKET
Spirent Communications Plc,SPT,Telecommunications,United Kingdom,MAIN MARKET
Spiritus Mundi Plc,SPMU,Financial Services ,United Kingdom,MAIN MARKET
Sse Plc,SSE,Utilities,United Kingdom,MAIN MARKET
Ssp Group Plc,SSPG,Travel and Leisure,United Kingdom,MAIN MARKET
St. James'S Place Plc,STJ,Financial Services ,United Kingdom,MAIN MARKET
Standard Chartered Plc,STAN,Banks,United Kingdom,MAIN MARKET
Starcrest Education Limited,OBOR,Financial Services ,Cayman Islands,MAIN MARKET
Starwood European Real Estate Finance Limited,SWEF,Financial Services ,Guernsey,MAIN MARKET
Stelrad Group Plc,SRAD,Construction and Materials,United Kingdom,MAIN MARKET
Sthree Plc,STEM,Industrial Goods and Services,United Kingdom,MAIN MARKET
Strategic Equity Capital Plc,SEC,Financial Services ,United Kingdom,MAIN MARKET
Streaksai Plc,STK,Consumer Products and Services,United Kingdom,MAIN MARKET
Sts Global Income & Growth Trust Plc,STS,Financial Services ,United Kingdom,MAIN MARKET
Stv Group Plc,STVG,Media,United Kingdom,MAIN MARKET
Superdry Plc,SDRY,Consumer Products and Services,United Kingdom,MAIN MARKET
Supermarket Income Reit Plc,SUPR,Real Estate ,United Kingdom,MAIN MARKET
Supply@Me Capital Plc,SYME,Technology,United Kingdom,MAIN MARKET
Svm Uk Emerging Fund Plc,SVM,Financial Services ,United Kingdom,MAIN MARKET
Symphony International Holdings Ld,SIHL,Financial Services ,British Virgin Islands,MAIN MARKET
Syncona Limited,SYNC,Financial Services ,Guernsey,MAIN MARKET
Synthomer Plc,SYNT,Chemicals,United Kingdom,MAIN MARKET
Target Healthcare Reit Plc,THRL,Real Estate ,United Kingdom,MAIN MARKET
Taseko Mines Limited,TKO,Basic Resources,Canada,MAIN MARKET
Tate & Lyle Plc,TATE,"Food, Beverage and Tobacco ",United Kingdom,MAIN MARKET
Taylor Maritime Investments Limited,TMI,Financial Services ,Guernsey,MAIN MARKET
Taylor Maritime Investments Limited,TMIP,Financial Services ,Guernsey,MAIN MARKET
Taylor Wimpey Plc,TW.,Consumer Products and Services,United Kingdom,MAIN MARKET
Tbc Bank Group Plc,TBCG,Banks,United Kingdom,MAIN MARKET
Tclarke Plc,CTO,Construction and Materials,United Kingdom,MAIN MARKET
Technology Minerals Plc,TM1,Basic Resources,United Kingdom,MAIN MARKET
Telecom Plus Plc,TEP,Telecommunications,United Kingdom,MAIN MARKET
Temple Bar Investment Trust Plc,TMPL,Financial Services ,United Kingdom,MAIN MARKET
Templeton Emerging Markets Investment Trust Plc,TEM,Financial Services ,United Kingdom,MAIN MARKET
Ten Entertainment Group Plc,TEG,Travel and Leisure,United Kingdom,MAIN MARKET
Tertre Rouge Assets Plc,TRA,Financial Services ,United Kingdom,MAIN MARKET
Tesco Plc,TSCO,"Personal Care, Drug and Grocery Stores ",United Kingdom,MAIN MARKET
Thalassa Holdings Limited,THAL,Technology,British Virgin Islands,MAIN MARKET
Thames Ventures Vct 1 Plc,TV1,Financial Services ,United Kingdom,MAIN MARKET
Thames Ventures Vct 2 Plc,D467,Financial Services ,United Kingdom,MAIN MARKET
Thames Ventures Vct 2 Plc,DO1D,Financial Services ,United Kingdom,MAIN MARKET
Thames Ventures Vct 2 Plc,TV2A,Financial Services ,United Kingdom,MAIN MARKET
Thames Ventures Vct 2 Plc,TV2H,Financial Services ,United Kingdom,MAIN MARKET
Thames Ventures Vct 2 Plc,TV2V,Financial Services ,United Kingdom,MAIN MARKET
Tharisa Plc,THS,Basic Resources,Cyprus,MAIN MARKET
The European Smaller Companies Trust Plc,ESCT,Financial Services ,United Kingdom,MAIN MARKET
The Global Smaller Companies Trust Plc,GSCT,Financial Services ,United Kingdom,MAIN MARKET
The Gym Group Plc,GYM,Travel and Leisure,United Kingdom,MAIN MARKET
The Renewables Infrastructure Group Limited,TRIG,Financial Services ,Guernsey,MAIN MARKET
Theworks.Co.Uk Plc,WRKS,Retail ,United Kingdom,MAIN MARKET
Thg Plc,THG,"Personal Care, Drug and Grocery Stores ",United Kingdom,MAIN MARKET
Third Point Investors Limited,TPOS,Financial Services ,Guernsey,MAIN MARKET
Third Point Investors Limited,TPOU,Financial Services ,Guernsey,MAIN MARKET
Thungela Resources Limited,TGA,Energy,South Africa,MAIN MARKET
Ti Fluid Systems Plc,TIFS,Automobiles and Parts,United Kingdom,MAIN MARKET
Tirupati Graphite Plc,TGR,Basic Resources,United Kingdom,MAIN MARKET
Tmt Acquisition Plc,TMAA,Financial Services ,United Kingdom,MAIN MARKET
Tmt Acquisition Plc,TMTA,Financial Services ,United Kingdom,MAIN MARKET
Toople Plc,TOOP,Telecommunications,United Kingdom,MAIN MARKET
Topps Tiles Plc,TPT,Retail ,United Kingdom,MAIN MARKET
Totalenergies Se,TTE,Energy,France,MAIN MARKET
Town Centre Securities Plc,TOWN,Real Estate ,United Kingdom,MAIN MARKET
Toyota Motor Corporation,TYT,Automobiles and Parts,Japan,MAIN MARKET
Tp Icap Group Plc,TCAP,Financial Services ,Jersey,MAIN MARKET
Tr Property Investment Trust Plc,TRY,Financial Services ,United Kingdom,MAIN MARKET
Trainline Plc,TRN,Travel and Leisure,United Kingdom,MAIN MARKET
Travis Perkins Plc,TPK,Industrial Goods and Services,United Kingdom,MAIN MARKET
Treatt Plc,TET,Chemicals,United Kingdom,MAIN MARKET
Triad Group Plc,TRD,Technology,United Kingdom,MAIN MARKET
Trifast Plc,TRI,Industrial Goods and Services,United Kingdom,MAIN MARKET
Triple Point Energy Transition Plc,TENT,Financial Services ,United Kingdom,MAIN MARKET
Triple Point Social Housing Reit Plc,SOHO,Real Estate ,United Kingdom,MAIN MARKET
Triple Point Venture Vct Plc,TPV,Financial Services ,United Kingdom,MAIN MARKET
Tritax Big Box Reit Plc,BBOX,Real Estate ,United Kingdom,MAIN MARKET
Tritax Eurobox Plc,BOXE,Real Estate ,United Kingdom,MAIN MARKET
Tritax Eurobox Plc,EBOX,Real Estate ,United Kingdom,MAIN MARKET
Troy Income & Growth Trust Plc,TIGT,Financial Services ,United Kingdom,MAIN MARKET
Trustpilot Group Plc,TRST,Technology,United Kingdom,MAIN MARKET
Tt Electronics Plc,TTG,Technology,United Kingdom,MAIN MARKET
Tui Ag,TUI,Travel and Leisure,Germany,MAIN MARKET
Tullow Oil Plc,TLW,Energy,United Kingdom,MAIN MARKET
Twentyfour Income Fund Limited,TFIF,Financial Services ,Guernsey,MAIN MARKET
Twentyfour Select Monthly Income Fund Limited,SMIF,Financial Services ,Guernsey,MAIN MARKET
Tyman Plc,TYMN,Construction and Materials,United Kingdom,MAIN MARKET
Uae Oil Services Plc,UOS,Financial Services ,Isle of Man,MAIN MARKET
Uil Finance Limited,UTLG,Financial Services ,Bermuda,MAIN MARKET
Uil Finance Limited,UTLH,Financial Services ,Bermuda,MAIN MARKET
Uil Finance Limited,UTLI,Financial Services ,Bermuda,MAIN MARKET
Uk Commercial Property Reit Limited,UKCM,Real Estate ,Guernsey,MAIN MARKET
Ultimate Products Plc,ULTP,Consumer Products and Services,United Kingdom,MAIN MARKET
Unicorn Aim Vct Plc,UAV,Financial Services ,United Kingdom,MAIN MARKET
Unicorn Mineral Resources Plc,UMR,Basic Resources,Ireland,MAIN MARKET
Unilever Plc,ULVR,"Personal Care, Drug and Grocery Stores ",United Kingdom,MAIN MARKET
Unisys Corporation,USY,Technology,United States,MAIN MARKET
Unite Group Plc,UTG,Real Estate ,United Kingdom,MAIN MARKET
United Utilities Group Plc,UU.,Utilities,United Kingdom,MAIN MARKET
Upland Resources Limited,UPL,Energy,Jersey,MAIN MARKET
Ura Holdings Plc,URAH,Basic Resources,United Kingdom,MAIN MARKET
Urban Logistics Reit Plc,SHED,Real Estate ,United Kingdom,MAIN MARKET
Us Solar Fund Plc,USF,Financial Services ,United Kingdom,MAIN MARKET
Us Solar Fund Plc,USFP,Financial Services ,United Kingdom,MAIN MARKET
Utilico Emerging Markets Trust Plc,UEM,Financial Services ,United Kingdom,MAIN MARKET
"Vaalco Energy, Inc.",EGY,Energy,United States,MAIN MARKET
Value And Indexed Property Income Trust Plc,VIP,Financial Services ,United Kingdom,MAIN MARKET
Vanquis Banking Group Plc,VANQ,Financial Services ,United Kingdom,MAIN MARKET
Vesuvius Plc,VSVS,Industrial Goods and Services,United Kingdom,MAIN MARKET
Vh Global Sustainable Energy Opportunities Plc,GSEO,Financial Services ,United Kingdom,MAIN MARKET
Victrex Plc,VCT,Chemicals,United Kingdom,MAIN MARKET
Videndum Plc,VID,Industrial Goods and Services,United Kingdom,MAIN MARKET
Vietnam Enterprise Investments Limited,VEIL,Financial Services ,Cayman Islands,MAIN MARKET
Vietnam Holding Limited,VNH,Financial Services ,Guernsey,MAIN MARKET
Vinacapital Vietnam Opportunity Fund Ld,VOF,Financial Services ,Guernsey,MAIN MARKET
Virgin Money Uk Plc,VMUK,Banks,United Kingdom,MAIN MARKET
Vistry Group Plc,VTY,Consumer Products and Services,United Kingdom,MAIN MARKET
Vodafone Group Plc,VOD,Telecommunications,United Kingdom,MAIN MARKET
Volta Finance Limited,VTA,Financial Services ,Guernsey,MAIN MARKET
Volta Finance Limited,VTAS,Financial Services ,Guernsey,MAIN MARKET
Volution Group Plc,FAN,Construction and Materials,United Kingdom,MAIN MARKET
Vox Valor Capital Limited,VOX,Media,Cayman Islands,MAIN MARKET
Vp Plc,VP.,Industrial Goods and Services,United Kingdom,MAIN MARKET
Vpc Specialty Lending Investments Plc,VSL,Financial Services ,United Kingdom,MAIN MARKET
W.A.G Payment Solutions Plc,WPS,Industrial Goods and Services,United Kingdom,MAIN MARKET
Walker Crips Group Plc,WCW,Financial Services ,United Kingdom,MAIN MARKET
Warehouse Reit Plc,WHR,Real Estate ,United Kingdom,MAIN MARKET
Watches Of Switzerland Group Plc,WOSG,Consumer Products and Services,United Kingdom,MAIN MARKET
Weir Group Plc,WEIR,Industrial Goods and Services,United Kingdom,MAIN MARKET
Wetherspoon ( J.D.) Plc,JDW,Travel and Leisure,United Kingdom,MAIN MARKET
Wh Smith Plc,SMWH,Retail ,United Kingdom,MAIN MARKET
Wheaton Precious Metals Corp.,WPM,Basic Resources,Canada,MAIN MARKET
Whitbread Plc,WTB,Travel and Leisure,United Kingdom,MAIN MARKET
Wickes Group Plc,WIX,Retail ,United Kingdom,MAIN MARKET
Wildcat Petroleum Plc,WCAT,Financial Services ,United Kingdom,MAIN MARKET
Wilmington Plc,WIL,Media,United Kingdom,MAIN MARKET
Wincanton Plc,WIN,Industrial Goods and Services,United Kingdom,MAIN MARKET
Wise Plc,WISE,Industrial Goods and Services,United Kingdom,MAIN MARKET
Witan Investment Trust Plc,86IP,Financial Services ,United Kingdom,MAIN MARKET
Witan Investment Trust Plc,87IP,Financial Services ,United Kingdom,MAIN MARKET
Witan Investment Trust Plc,WTAN,Financial Services ,United Kingdom,MAIN MARKET
Wizz Air Holdings Plc,WIZZ,Travel and Leisure,Jersey,MAIN MARKET
Wood Group (John) Plc,WG.,Energy,United Kingdom,MAIN MARKET
Woodside Energy Group Ltd,WDS,Energy,Australia,MAIN MARKET
Workspace Group Plc,WKP,Real Estate ,United Kingdom,MAIN MARKET
World Chess Plc,CHSS,Travel and Leisure,United Kingdom,MAIN MARKET
Worldlink Group Plc,WGP,Financial Services ,United Kingdom,MAIN MARKET
Worldsec Ld,WSL,Financial Services ,Bermuda,MAIN MARKET
Worldwide Healthcare Trust Plc,WWH,Financial Services ,United Kingdom,MAIN MARKET
Worsley Investors Limited,WINV,Financial Services ,United Kingdom,MAIN MARKET
Worthington Group Plc,WRN,Basic Resources,United Kingdom,MAIN MARKET
Wpp Plc,WPP,Media,Jersey,MAIN MARKET
Xaar Plc,XAR,Industrial Goods and Services,United Kingdom,MAIN MARKET
Xp Power Limited,XPP,Industrial Goods and Services,Singapore,MAIN MARKET
Xps Pensions Group Plc,XPS,Financial Services ,United Kingdom,MAIN MARKET
Zccm Investments Holdings Plc,ZCC,Basic Resources,Zambia,MAIN MARKET
Zegona Communications Plc,ZEG,Telecommunications,United Kingdom,MAIN MARKET
Zenith Energy Ltd.,ZEN,Energy,Canada,MAIN MARKET
Zotefoams Plc,ZTF,Basic Resources,United Kingdom,MAIN MARKET
